,Pclass,Sex,Age,SibSp,Parch,Fare,Embarked,FamilySize,IsAlone,Survived
6,2,female,34.6,3,0,53.03,S,4,0,0
20,2,female,31.8,4,3,33.17,S,8,0,0
26,2,male,39.4,1,3,119.33,S,5,0,0
29,2,male,55.7,4,1,13.73,Q,6,0,0
36,2,female,37.4,3,4,37.12,S,8,0,0
39,2,male,29.1,5,3,9.41,C,9,0,0
47,2,female,14.3,0,2,28.81,S,3,0,0
48,2,male,32.8,3,2,1.8,C,6,0,0
59,2,female,24.8,3,2,29.24,S,6,0,0
77,2,male,29.2,4,2,17.75,S,7,0,0
79,2,male,0.0,4,0,1.32,Q,5,0,0
82,2,female,12.5,3,1,3.65,S,5,0,0
84,2,male,44.3,4,3,14.15,S,8,0,0
89,2,male,22.6,0,3,53.83,S,4,0,0
93,2,female,55.1,0,2,6.41,S,3,0,0
96,2,female,3.5,3,3,1.54,S,7,0,0
125,2,female,41.1,2,2,19.33,S,5,0,0
129,2,male,43.9,0,3,48.85,S,4,0,0
130,2,male,47.6,3,2,4.25,S,6,0,0
138,2,female,36.7,3,3,66.52,S,7,0,0
143,2,male,42.1,2,1,30.16,S,4,0,0
158,2,male,37.5,3,3,50.57,S,7,0,0
160,2,male,36.5,2,4,20.52,S,7,0,0
164,2,male,29.7,0,2,11.25,S,3,0,0
173,2,male,28.6,3,0,10.63,Q,4,0,0
177,2,male,36.2,3,2,2.0,C,6,0,0
194,2,female,36.1,5,0,17.3,C,6,0,0
195,2,female,33.8,3,4,2.08,S,8,0,0
202,2,female,10.8,2,2,18.66,S,5,0,0
205,2,male,38.1,3,2,3.08,S,6,0,0
227,2,female,22.8,3,1,32.07,S,5,0,0
236,2,female,43.9,2,1,27.14,S,4,0,0
274,2,male,29.9,4,2,24.72,C,7,0,0
283,2,male,60.1,1,2,4.01,S,4,0,0
290,2,male,47.3,2,2,48.41,C,5,0,0
294,2,female,33.8,4,3,6.82,S,8,0,0
299,2,male,31.2,2,0,23.58,S,3,0,0
341,2,female,19.1,4,3,2.4,S,8,0,0
342,2,male,44.2,3,2,13.07,S,6,0,0
354,2,male,32.0,3,3,5.54,S,7,0,0
359,2,male,37.0,5,2,45.04,S,8,0,0
369,2,female,35.6,0,0,0.05,S,1,1,0
387,2,female,46.8,2,4,2.12,S,7,0,0
392,2,male,27.6,4,4,4.21,S,9,0,0
407,2,male,31.2,4,3,48.47,S,8,0,0
409,2,male,29.9,5,2,9.81,S,8,0,0
413,2,female,18.3,2,0,21.04,S,3,0,0
417,2,female,29.7,1,0,14.98,S,2,0,0
429,2,male,27.3,3,1,34.88,S,5,0,0
434,2,female,40.7,3,2,115.49,S,6,0,0
448,2,male,45.7,5,0,2.05,Q,6,0,0
449,2,male,38.3,4,4,6.58,S,9,0,0
463,2,male,38.6,0,0,11.26,S,1,1,0
493,2,male,29.7,2,3,1.22,S,6,0,0
494,2,female,48.3,3,4,34.88,S,8,0,0
496,2,female,43.9,1,1,10.87,S,3,0,0
502,2,male,40.7,3,4,4.52,S,8,0,0
510,2,male,40.6,1,0,46.2,C,2,0,0
541,2,female,23.6,3,4,50.12,S,8,0,0
564,2,male,62.0,2,0,8.25,S,3,0,0
567,2,male,8.8,1,1,52.8,S,3,0,0
585,2,male,28.6,3,3,43.55,S,7,0,0
587,2,female,2.4,3,0,0.34,S,4,0,0
595,2,male,35.6,5,3,85.8,S,9,0,0
600,2,male,38.3,0,2,25.29,S,3,0,0
604,2,male,30.5,0,3,147.52,C,4,0,0
613,2,female,11.6,1,1,9.33,S,3,0,0
620,2,male,17.9,1,1,60.19,S,3,0,0
625,2,male,39.4,2,3,259.95,S,6,0,0
634,2,male,36.9,2,1,7.55,C,4,0,0
641,2,male,54.4,1,0,14.79,C,2,0,0
643,2,male,13.2,0,3,17.87,S,4,0,0
644,2,female,13.2,1,2,11.59,S,4,0,0
655,2,male,23.0,2,1,48.84,Q,4,0,0
656,2,male,20.4,1,1,34.88,S,3,0,0
659,2,male,37.7,1,1,40.09,C,3,0,0
660,2,female,39.3,3,4,51.22,S,8,0,0
663,2,female,9.8,0,2,49.98,S,3,0,0
676,2,female,26.2,3,2,133.64,S,6,0,0
694,2,female,16.5,2,0,37.17,S,3,0,0
700,2,female,26.0,4,4,43.65,Q,9,0,0
702,2,female,27.5,0,4,3.41,C,5,0,0
706,2,male,30.6,5,2,0.35,S,8,0,0
718,2,female,46.2,1,4,3.14,S,6,0,0
728,2,male,22.3,0,4,14.38,S,5,0,0
733,2,male,27.3,0,2,5.91,S,3,0,0
736,2,female,19.0,4,1,44.32,S,6,0,0
738,2,male,30.7,1,2,16.48,C,4,0,0
739,2,male,26.9,1,3,8.73,S,5,0,0
740,2,male,25.9,5,1,25.51,S,7,0,0
753,2,male,13.4,2,4,3.7,C,7,0,0
757,2,female,40.7,5,3,5.4,S,9,0,0
761,2,male,24.1,1,1,16.7,C,3,0,0
770,2,male,32.0,1,1,16.91,C,3,0,0
782,2,male,49.8,4,2,81.58,S,7,0,0
783,2,male,40.4,1,3,25.55,C,5,0,0
786,2,male,21.3,1,2,37.85,S,4,0,0
787,2,female,24.3,2,2,11.02,S,5,0,0
788,2,male,35.4,3,3,82.74,S,7,0,0
801,2,male,50.8,1,3,24.48,S,5,0,0
804,2,female,13.4,0,2,9.5,C,3,0,0
826,2,male,0.5,5,3,0.21,C,9,0,0
831,2,female,13.6,5,1,9.49,S,7,0,0
842,2,female,59.3,2,2,4.52,S,5,0,0
849,2,male,57.0,0,0,9.17,C,1,1,0
855,2,male,67.2,3,1,47.38,S,5,0,0
863,2,male,32.0,2,0,7.89,S,3,0,0
870,2,male,43.2,1,2,35.29,C,4,0,0
882,2,male,45.8,4,4,32.17,S,9,0,0
887,2,female,10.3,4,3,12.25,C,8,0,0
895,2,female,43.4,2,2,148.47,S,5,0,0
900,2,female,19.3,5,1,98.73,C,7,0,0
902,2,male,5.4,1,2,5.37,C,4,0,0
909,2,female,1.7,5,0,28.75,S,6,0,0
915,2,male,26.9,3,1,12.29,S,5,0,0
916,2,female,37.8,2,2,3.05,S,5,0,0
929,2,female,25.0,2,2,4.61,S,5,0,0
934,2,male,34.5,1,3,11.89,Q,5,0,0
936,2,male,21.1,3,4,1.85,C,8,0,0
938,2,male,10.7,5,4,8.67,S,10,0,0
940,2,female,29.0,0,2,3.18,S,3,0,0
941,2,male,48.8,4,4,39.7,S,9,0,0
944,2,female,20.6,2,1,2.78,S,4,0,0
952,2,male,54.4,2,0,82.0,S,3,0,0
963,2,male,19.8,3,0,3.53,S,4,0,0
965,2,female,33.7,5,3,10.1,S,9,0,0
968,2,male,42.7,2,0,41.01,C,3,0,0
985,2,male,9.8,0,1,57.68,S,2,0,0
987,2,male,10.6,0,4,13.82,C,5,0,0
1009,2,male,14.4,1,4,40.76,C,6,0,0
1028,2,female,64.5,3,2,14.41,C,6,0,0
1033,2,male,39.2,1,0,7.92,C,2,0,0
1036,2,male,38.7,3,1,38.55,S,5,0,0
1039,2,male,38.5,4,2,56.75,S,7,0,0
1058,2,male,36.9,4,4,265.95,S,9,0,0
1063,2,male,33.4,1,4,8.82,C,6,0,0
1070,2,male,37.8,1,4,42.57,Q,6,0,0
1076,2,male,30.1,1,0,14.35,S,2,0,0
1081,2,male,34.6,4,0,62.9,S,5,0,0
1082,2,male,42.5,4,1,31.35,S,6,0,0
1093,2,male,9.8,5,4,17.54,S,10,0,0
1097,2,male,7.8,0,4,1.26,C,5,0,0
1105,2,female,62.0,1,3,1.99,S,5,0,0
1112,2,male,28.0,2,2,9.55,S,5,0,0
1118,2,male,35.4,4,3,9.4,S,8,0,0
1127,2,male,29.5,5,2,22.22,S,8,0,0
1129,2,female,9.8,5,3,50.13,Q,9,0,0
1156,2,male,50.4,4,1,8.67,Q,6,0,0
1164,2,female,40.9,1,0,33.1,S,2,0,0
1168,2,male,19.8,3,4,6.39,S,8,0,0
1175,2,male,3.6,3,0,18.22,S,4,0,0
1207,2,male,10.4,5,0,13.78,S,6,0,0
1221,2,male,25.5,0,4,41.92,S,5,0,0
1222,2,female,10.7,1,1,20.89,C,3,0,0
1233,2,female,13.3,0,0,64.99,C,1,1,0
1246,2,female,43.4,2,1,8.35,S,4,0,0
1251,2,male,60.5,3,4,52.25,S,8,0,0
1260,2,male,25.2,2,1,49.2,S,4,0,0
1269,2,male,41.7,0,1,55.2,S,2,0,0
1280,2,male,36.0,4,3,46.14,C,8,0,0
1290,2,male,12.7,0,3,39.48,S,4,0,0
1295,2,male,18.5,2,2,9.59,S,5,0,0
1300,2,male,13.6,5,3,9.12,S,9,0,0
1302,2,male,23.9,2,2,55.26,C,5,0,0
1303,2,female,32.0,0,0,6.11,C,1,1,0
1308,2,male,46.1,4,4,51.42,Q,9,0,0
1316,2,female,26.8,2,3,17.57,S,6,0,0
1318,2,male,44.0,2,2,47.16,S,5,0,0
1336,2,male,19.2,5,2,12.39,S,8,0,0
1339,2,male,22.6,5,3,55.23,S,9,0,0
1346,2,male,27.0,1,0,15.52,C,2,0,0
1358,2,female,24.1,3,4,4.88,S,8,0,0
1361,2,male,25.0,3,4,30.95,S,8,0,0
1365,2,female,17.9,4,3,84.13,S,8,0,0
1368,2,male,18.6,1,1,19.87,S,3,0,0
1373,2,male,33.8,3,2,44.75,S,6,0,0
1390,2,male,9.4,4,4,15.28,S,9,0,0
1391,2,male,25.3,2,2,0.96,C,5,0,0
1394,2,female,57.7,2,2,4.79,S,5,0,0
1402,2,female,41.4,3,1,8.85,S,5,0,0
1410,2,female,38.8,1,3,85.92,S,5,0,0
1421,2,female,11.7,5,3,45.86,C,9,0,0
1422,2,male,26.1,3,2,63.77,S,6,0,0
1426,2,female,8.5,4,4,4.3,S,9,0,0
1430,2,male,38.4,1,2,3.25,S,4,0,0
1434,2,male,18.4,0,1,34.67,S,2,0,0
1441,2,male,15.4,1,4,44.08,S,6,0,0
1458,2,female,46.9,1,1,3.25,S,3,0,0
1470,2,male,31.9,2,1,1.61,S,4,0,0
1473,2,female,34.8,3,2,7.84,C,6,0,0
1483,2,female,50.3,3,0,7.04,S,4,0,0
1484,2,male,38.0,4,3,0.46,S,8,0,0
1489,2,male,28.0,3,2,45.14,S,6,0,0
1492,2,male,0.0,0,0,70.93,S,1,1,0
1493,2,male,23.3,2,4,9.85,S,7,0,0
1496,2,male,26.5,3,0,64.75,S,4,0,0
1498,2,male,1.0,5,3,8.42,S,9,0,0
1500,2,male,24.3,4,2,35.48,S,7,0,0
1503,2,male,46.4,2,0,14.99,C,3,0,0
1505,2,female,10.9,2,2,28.39,Q,5,0,0
1507,2,male,18.7,5,4,12.63,C,10,0,0
1526,2,female,43.8,1,1,23.34,S,3,0,0
1534,2,female,28.6,2,3,9.71,C,6,0,0
1551,2,male,38.3,4,4,0.54,S,9,0,0
1555,2,male,53.2,1,3,40.24,S,5,0,0
1569,2,male,17.0,0,4,25.74,S,5,0,0
1570,2,female,32.0,4,3,20.37,S,8,0,0
1587,2,female,18.3,3,0,23.7,S,4,0,0
1593,2,female,16.0,0,0,51.43,S,1,1,0
1600,2,male,40.0,3,4,1.36,C,8,0,0
1622,2,male,28.3,1,4,3.22,S,6,0,0
1629,2,female,30.1,5,1,15.74,S,7,0,0
1652,2,male,47.9,1,2,114.37,S,4,0,0
1675,2,female,42.4,0,4,2.22,S,5,0,0
1677,2,female,19.8,4,0,112.78,C,5,0,0
1684,2,male,14.8,3,4,2.97,S,8,0,0
1691,2,male,38.5,4,2,28.43,S,7,0,0
1711,2,female,17.7,4,2,7.57,S,7,0,0
1716,2,male,53.4,3,3,13.02,S,7,0,0
1719,2,male,19.0,2,0,15.49,Q,3,0,0
1720,2,male,74.9,3,3,89.03,S,7,0,0
1721,2,female,37.6,0,1,79.88,S,2,0,0
1732,2,male,22.2,0,4,50.21,C,5,0,0
1767,2,male,30.2,2,4,12.28,S,7,0,0
1775,2,female,22.6,3,1,93.75,S,5,0,0
1778,2,female,23.1,4,0,14.03,S,5,0,0
1780,2,female,27.4,4,2,3.29,C,7,0,0
1794,2,male,49.7,1,4,14.16,S,6,0,0
1813,2,male,17.0,4,2,54.88,S,7,0,0
1816,2,male,23.6,1,3,44.68,S,5,0,0
1862,2,male,31.2,3,4,51.48,S,8,0,0
1863,2,male,2.3,2,4,19.59,S,7,0,0
1867,2,male,36.8,2,0,0.5,C,3,0,0
1877,2,male,11.7,5,3,109.56,C,9,0,0
1879,2,male,32.5,1,3,8.63,S,5,0,0
1885,2,female,9.5,2,4,50.61,S,7,0,0
1897,2,male,28.5,5,2,111.59,C,8,0,0
1900,2,female,31.9,0,0,24.11,S,1,1,0
1903,2,female,13.0,3,0,13.95,S,4,0,0
1917,2,male,24.5,2,0,34.83,S,3,0,0
1927,2,female,50.4,2,4,31.73,C,7,0,0
1931,2,female,42.0,2,2,18.22,S,5,0,0
1936,2,female,52.5,2,1,3.69,S,4,0,0
1949,2,male,0.0,4,2,22.48,S,7,0,0
1970,2,female,33.4,4,4,24.97,C,9,0,0
1976,2,male,18.0,3,1,16.3,S,5,0,0
1984,2,female,25.3,4,4,40.68,S,9,0,0
1987,2,female,38.7,1,4,2.8,C,6,0,0
2003,2,female,8.3,4,0,22.22,S,5,0,0
2006,2,male,24.0,0,4,212.84,S,5,0,0
2014,2,female,34.8,5,3,11.08,S,9,0,0
2016,2,female,23.8,5,1,65.31,S,7,0,0
2021,2,male,19.3,3,1,5.86,S,5,0,0
2025,2,female,35.3,5,0,94.34,S,6,0,0
2031,2,female,48.8,4,4,11.01,S,9,0,0
2032,2,male,33.1,5,2,50.77,C,8,0,0
2077,2,female,35.6,4,3,8.0,C,8,0,0
2093,2,female,12.1,5,1,46.83,S,7,0,0
2112,2,female,29.4,2,2,63.67,S,5,0,0
2115,2,female,43.1,1,3,33.14,S,5,0,0
2117,2,male,41.4,5,4,26.35,S,10,0,0
2127,2,male,38.4,0,0,18.06,S,1,1,0
2133,2,male,38.3,4,2,57.56,S,7,0,0
2148,2,male,23.9,2,0,6.12,S,3,0,0
2155,2,female,49.3,3,3,33.57,S,7,0,0
2169,2,female,26.6,4,3,1.16,S,8,0,0
2176,2,female,32.1,4,1,21.71,S,6,0,0
2183,2,male,22.9,0,0,3.21,Q,1,1,0
2195,2,male,15.5,1,0,8.22,S,2,0,0
2202,2,female,32.3,4,4,71.3,S,9,0,0
2203,2,male,44.8,5,1,2.49,S,7,0,0
2215,2,female,29.9,0,2,40.85,Q,3,0,0
2219,2,male,36.2,2,2,5.45,S,5,0,0
2237,2,male,19.7,5,1,79.48,S,7,0,0
2242,2,male,23.4,1,3,55.06,S,5,0,0
2261,2,male,20.6,0,3,36.79,S,4,0,0
2263,2,female,28.8,3,2,13.03,S,6,0,0
2266,2,female,52.3,3,4,14.4,S,8,0,0
2268,2,male,20.8,2,0,78.55,Q,3,0,0
2269,2,male,38.4,5,2,6.77,S,8,0,0
2275,2,male,17.6,3,0,70.2,S,4,0,0
2280,2,male,0.0,4,2,10.92,C,7,0,0
2281,2,male,37.3,4,0,8.45,S,5,0,0
2282,2,female,32.7,1,4,187.11,S,6,0,0
2284,2,male,13.2,1,1,127.44,S,3,0,0
2290,2,female,26.3,2,0,47.37,S,3,0,0
2292,2,female,13.4,5,1,6.04,S,7,0,0
2309,2,female,17.7,1,3,1.65,S,5,0,0
2319,2,male,9.6,5,4,3.98,Q,10,0,0
2327,2,male,18.3,2,0,28.01,C,3,0,0
2329,2,male,21.5,4,4,41.2,S,9,0,0
2337,2,female,14.9,3,4,84.04,C,8,0,0
2343,2,male,26.5,2,0,43.03,S,3,0,0
2355,2,male,49.4,1,3,10.45,S,5,0,0
2376,2,male,23.9,4,2,26.43,Q,7,0,0
2384,2,female,18.4,4,0,5.93,S,5,0,0
2396,2,female,37.7,2,0,23.21,S,3,0,0
2406,2,male,25.9,1,3,24.36,S,5,0,0
2411,2,male,36.1,5,4,14.26,S,10,0,0
2417,2,female,33.0,2,4,4.19,S,7,0,0
2424,2,male,19.8,5,4,24.18,S,10,0,0
2436,2,male,6.7,0,3,56.75,C,4,0,0
2438,2,female,34.1,5,3,4.7,S,9,0,0
2448,2,male,47.0,3,1,13.48,C,5,0,0
2449,2,female,32.0,4,0,41.74,S,5,0,0
2454,2,male,11.9,0,0,11.14,C,1,1,0
2459,2,male,44.4,5,1,2.46,S,7,0,0
2466,2,female,40.5,2,4,4.98,S,7,0,0
2469,2,male,31.2,2,1,134.51,S,4,0,0
2474,2,female,10.8,0,4,12.97,S,5,0,0
2476,2,male,16.9,2,3,13.38,S,6,0,0
2494,2,male,21.9,1,4,5.07,S,6,0,0
2522,2,female,19.3,5,1,16.8,S,7,0,0
2550,2,male,52.2,3,2,3.54,Q,6,0,0
2556,2,male,27.2,4,0,6.46,S,5,0,0
2584,2,male,18.6,4,4,4.24,C,9,0,0
2588,2,female,5.1,1,3,18.18,S,5,0,0
2605,2,male,22.0,2,2,2.11,S,5,0,0
2609,2,female,18.1,5,3,5.07,Q,9,0,0
2611,2,female,34.1,3,2,5.6,S,6,0,0
2615,2,female,27.1,0,4,22.05,C,5,0,0
2616,2,female,27.2,2,0,22.49,S,3,0,0
2640,2,male,21.4,0,3,18.18,S,4,0,0
2648,2,female,22.3,1,3,2.31,Q,5,0,0
2650,2,male,31.5,3,2,39.4,S,6,0,0
2679,2,male,4.6,4,2,48.44,S,7,0,0
2690,2,male,11.0,2,2,5.77,Q,5,0,0
2691,2,female,0.0,3,4,45.64,S,8,0,0
2693,2,female,16.1,4,0,1.79,S,5,0,0
2702,2,female,48.6,1,4,23.16,C,6,0,0
2714,2,male,10.1,4,0,6.0,S,5,0,0
2715,2,male,56.6,3,3,81.26,S,7,0,0
2739,2,male,33.1,5,3,13.04,S,9,0,0
2740,2,male,3.1,1,1,20.97,S,3,0,0
2747,2,female,30.7,4,0,3.39,S,5,0,0
2753,2,female,39.8,5,1,2.4,Q,7,0,0
2755,2,male,9.4,1,3,3.81,S,5,0,0
2768,2,female,42.8,2,3,34.77,C,6,0,0
2778,2,male,26.5,5,1,18.03,S,7,0,0
2785,2,male,43.8,3,4,27.13,C,8,0,0
2792,2,male,22.6,0,3,2.27,C,4,0,0
2796,2,male,26.5,0,4,21.05,S,5,0,0
2808,2,male,28.9,1,1,12.07,S,3,0,0
2813,2,female,33.4,1,3,10.49,S,5,0,0
2823,2,male,29.1,1,0,68.28,S,2,0,0
2828,2,male,23.9,4,1,5.04,S,6,0,0
2834,2,male,13.4,1,4,21.5,C,6,0,0
2837,2,female,20.9,2,0,51.9,Q,3,0,0
2845,2,male,35.1,3,1,37.35,S,5,0,0
2847,2,female,15.9,2,1,64.35,S,4,0,0
2848,2,male,14.3,4,2,13.15,S,7,0,0
2858,2,male,50.5,1,4,35.17,S,6,0,0
2869,2,female,51.7,0,1,6.18,S,2,0,0
2873,2,female,16.7,5,0,7.58,S,6,0,0
2877,2,male,33.8,4,4,28.52,S,9,0,0
2879,2,male,48.0,5,4,29.2,S,10,0,0
2880,2,male,55.7,5,4,29.38,S,10,0,0
2886,2,female,41.8,1,2,101.55,Q,4,0,0
2890,2,male,21.6,4,3,7.93,S,8,0,0
2899,2,male,39.2,4,0,22.19,S,5,0,0
2907,2,male,39.8,0,0,41.17,C,1,1,0
2918,2,male,24.3,4,4,4.75,Q,9,0,0
2924,2,male,45.2,3,3,22.93,C,7,0,0
2941,2,male,50.6,2,2,144.08,S,5,0,0
2945,2,female,8.1,2,1,20.52,S,4,0,0
2946,2,female,41.9,1,1,17.15,S,3,0,0
2948,2,female,23.3,2,4,91.7,S,7,0,0
2953,2,male,32.0,4,3,178.44,S,8,0,0
2960,2,female,18.1,0,1,128.47,S,2,0,0
2962,2,female,4.4,3,4,43.86,C,8,0,0
2967,2,female,27.5,0,0,52.9,C,1,1,0
2990,2,male,40.6,3,0,140.37,S,4,0,0
3018,2,male,11.7,1,4,4.3,S,6,0,0
3021,2,male,26.4,3,2,58.03,S,6,0,0
3033,2,female,20.8,5,0,31.6,S,6,0,0
3042,2,female,19.0,2,2,4.76,S,5,0,0
3057,2,male,36.4,3,2,2.08,Q,6,0,0
3058,2,male,29.7,0,3,62.57,S,4,0,0
3077,2,male,46.2,0,0,21.82,S,1,1,0
3086,2,male,28.3,2,0,17.15,S,3,0,0
3088,2,female,30.6,3,0,88.16,S,4,0,0
3098,2,male,41.0,0,4,10.35,S,5,0,0
3104,2,male,26.4,5,1,34.37,Q,7,0,0
3107,2,female,22.5,4,0,11.73,C,5,0,0
3108,2,male,27.9,0,0,16.74,S,1,1,0
3114,2,male,33.8,0,2,8.96,S,3,0,0
3134,2,male,46.7,1,1,19.61,S,3,0,0
3140,2,female,39.2,5,3,21.99,S,9,0,0
3143,2,male,23.9,5,1,40.16,S,7,0,0
3145,2,male,31.8,2,1,11.47,Q,4,0,0
3154,2,female,0.0,1,3,13.63,C,5,0,0
3165,2,male,52.5,4,0,8.82,S,5,0,0
3169,2,male,20.3,5,0,32.56,Q,6,0,0
3184,2,male,39.0,4,3,49.14,Q,8,0,0
3190,2,male,32.8,2,1,4.26,S,4,0,0
3193,2,female,46.8,3,0,47.33,S,4,0,0
3199,2,female,36.2,2,1,19.14,S,4,0,0
3210,2,male,28.2,2,2,20.43,Q,5,0,0
3215,2,female,30.2,5,2,49.66,S,8,0,0
3220,2,male,49.7,5,3,51.99,S,9,0,0
3233,2,female,31.5,0,3,24.2,S,4,0,0
3236,2,male,25.6,0,1,4.22,S,2,0,0
3239,2,male,36.1,2,3,57.27,C,6,0,0
3241,2,male,17.9,1,1,42.66,Q,3,0,0
3257,2,male,4.6,4,4,17.31,S,9,0,0
3260,2,male,45.0,3,4,14.17,S,8,0,0
3261,2,female,5.7,2,3,13.02,Q,6,0,0
3271,2,male,23.8,1,1,56.07,S,3,0,0
3277,2,female,29.7,2,4,21.18,S,7,0,0
3281,2,female,29.0,2,3,6.96,C,6,0,0
3292,2,female,27.1,0,2,115.92,S,3,0,0
3304,2,male,30.9,4,1,29.0,S,6,0,0
3309,2,male,24.5,0,3,59.84,C,4,0,0
3332,2,female,37.1,0,4,8.48,S,5,0,0
3333,2,male,38.1,5,1,44.13,C,7,0,0
3338,2,male,28.5,0,2,6.26,S,3,0,0
3349,2,male,38.3,1,4,28.42,S,6,0,0
3350,2,male,20.9,0,4,18.82,C,5,0,0
3367,2,female,28.1,1,3,28.35,S,5,0,0
3368,2,male,32.0,3,2,55.84,S,6,0,0
3384,2,male,13.1,1,3,0.39,S,5,0,0
3408,2,female,19.5,1,1,11.01,S,3,0,0
3425,2,female,27.5,1,0,17.05,S,2,0,0
3436,2,male,6.0,0,4,8.31,S,5,0,0
3440,2,female,22.3,3,3,25.9,C,7,0,0
3449,2,female,40.7,3,1,105.03,S,5,0,0
3464,2,male,58.4,0,3,44.77,C,4,0,0
3469,2,male,14.9,5,3,151.26,S,9,0,0
3472,2,female,32.3,1,4,54.44,S,6,0,0
3477,2,male,45.3,4,2,13.98,S,7,0,0
3480,2,female,30.7,1,3,26.67,S,5,0,0
3487,2,male,32.8,0,0,21.42,S,1,1,0
3503,2,male,16.0,4,4,60.91,S,9,0,0
3509,2,male,32.4,0,1,36.36,S,2,0,0
3517,2,male,16.5,4,1,35.57,S,6,0,0
3519,2,female,40.5,2,2,28.94,S,5,0,0
3521,2,male,35.6,0,0,59.66,S,1,1,0
3524,2,male,38.3,4,0,23.67,S,5,0,0
3533,2,male,21.4,5,1,52.01,S,7,0,0
3547,2,male,26.8,0,4,21.4,S,5,0,0
3554,2,male,35.4,4,1,9.67,S,6,0,0
3563,2,male,30.9,0,0,11.06,S,1,1,0
3571,2,male,27.4,0,0,67.11,Q,1,1,0
3579,2,male,49.9,4,2,9.81,S,7,0,0
3580,2,male,31.7,1,3,7.43,C,5,0,0
3592,2,male,19.3,4,3,0.76,S,8,0,0
3600,2,female,16.7,5,3,81.83,S,9,0,0
3604,2,male,18.4,1,2,61.51,C,4,0,0
3622,2,male,21.1,2,1,0.05,Q,4,0,0
3631,2,male,40.8,3,0,56.96,Q,4,0,0
3634,2,male,34.2,0,0,19.79,S,1,1,0
3643,2,female,39.7,4,2,5.35,S,7,0,0
3646,2,female,18.5,5,3,79.18,S,9,0,0
3651,2,male,29.5,4,4,6.81,Q,9,0,0
3662,2,female,15.1,5,1,25.9,Q,7,0,0
3670,2,male,35.9,2,2,6.19,S,5,0,0
3689,2,female,6.7,4,4,26.4,S,9,0,0
3695,2,male,31.0,3,0,39.67,S,4,0,0
3700,2,female,35.4,4,4,27.15,S,9,0,0
3702,2,male,55.2,0,3,67.68,S,4,0,0
3718,2,male,51.0,3,3,24.28,S,7,0,0
3739,2,female,66.2,3,1,11.77,S,5,0,0
3747,2,male,24.9,1,3,3.58,S,5,0,0
3752,2,male,20.9,3,0,14.97,C,4,0,0
3757,2,male,31.7,5,3,10.16,S,9,0,0
3762,2,male,38.6,5,3,8.31,S,9,0,0
3763,2,female,36.7,2,0,24.62,S,3,0,0
3767,2,male,39.3,0,3,15.0,S,4,0,0
3804,2,male,30.3,5,4,1.57,S,10,0,0
3807,2,male,26.4,3,3,93.64,S,7,0,0
3812,2,male,6.1,4,0,26.05,S,5,0,0
3816,2,male,59.1,5,4,8.96,S,10,0,0
3821,2,female,49.2,0,3,3.72,S,4,0,0
3837,2,male,15.5,5,2,3.84,S,8,0,0
3858,2,male,39.9,0,4,2.19,S,5,0,0
3869,2,male,14.8,4,4,30.42,S,9,0,0
3871,2,male,30.2,1,4,22.39,C,6,0,0
3878,2,male,28.7,2,3,1.92,S,6,0,0
3883,2,male,24.1,4,0,0.29,S,5,0,0
3900,2,male,26.3,4,1,25.67,S,6,0,0
3905,2,male,28.0,2,3,55.63,S,6,0,0
3909,2,female,29.5,3,0,55.59,S,4,0,0
3925,2,female,34.0,2,1,8.43,S,4,0,0
3939,2,female,17.5,0,2,8.61,C,3,0,0
3942,2,male,28.3,1,1,35.43,S,3,0,0
3944,2,male,43.8,1,1,3.34,Q,3,0,0
3954,2,male,56.5,0,0,19.68,S,1,1,0
3958,2,female,43.2,1,0,4.17,C,2,0,0
3964,2,female,33.8,1,0,25.38,S,2,0,0
3971,2,male,1.2,2,0,14.79,C,3,0,0
3974,2,female,70.0,3,1,17.5,S,5,0,0
3978,2,male,42.4,5,4,28.45,S,10,0,0
3983,2,male,21.7,3,1,101.71,Q,5,0,0
3988,2,male,1.7,3,2,45.05,S,6,0,0
3990,2,male,13.6,5,3,8.9,S,9,0,0
3997,2,male,11.5,0,4,13.65,S,5,0,0
3998,2,female,30.0,1,3,26.02,S,5,0,0
4000,2,male,26.7,0,2,67.63,C,3,0,0
4005,2,female,40.8,2,3,28.55,S,6,0,0
4015,2,male,1.5,5,4,77.18,S,10,0,0
4018,2,female,0.0,2,3,2.69,C,6,0,0
4034,2,male,30.0,3,2,50.44,S,6,0,0
4041,2,female,22.5,0,4,40.69,C,5,0,0
4047,2,male,9.1,1,2,2.6,S,4,0,0
4049,2,female,45.8,0,3,6.04,S,4,0,0
4063,2,male,27.9,1,1,18.1,S,3,0,0
4072,2,male,31.1,1,2,48.39,C,4,0,0
4095,2,male,41.1,1,1,14.05,S,3,0,0
4103,2,female,26.6,1,0,11.66,C,2,0,0
4111,2,female,26.8,3,1,17.3,C,5,0,0
4113,2,male,23.7,5,3,6.35,S,9,0,0
4114,2,male,40.9,5,3,2.37,S,9,0,0
4129,2,male,7.4,0,0,30.41,S,1,1,0
4130,2,male,50.1,4,3,7.67,S,8,0,0
4134,2,male,35.6,1,4,40.37,Q,6,0,0
4146,2,female,10.6,4,0,1.49,C,5,0,0
4153,2,male,36.8,0,0,25.28,Q,1,1,0
4155,2,male,42.5,2,4,53.23,S,7,0,0
4156,2,male,33.8,1,1,9.31,S,3,0,0
4167,2,male,16.7,0,0,5.15,S,1,1,0
4197,2,female,40.0,2,0,74.9,S,3,0,0
4201,2,male,27.9,5,0,0.26,S,6,0,0
4204,2,female,51.7,1,4,4.77,Q,6,0,0
4208,2,male,39.4,5,3,8.53,C,9,0,0
4213,2,female,29.4,2,4,14.62,S,7,0,0
4217,2,male,0.0,2,1,16.23,S,4,0,0
4224,2,female,45.8,5,3,5.05,S,9,0,0
4232,2,male,30.2,5,1,37.52,S,7,0,0
4251,2,female,8.9,1,0,24.96,S,2,0,0
4252,2,male,3.1,5,0,15.69,S,6,0,0
4260,2,male,42.9,4,4,89.62,S,9,0,0
4274,2,male,23.8,3,3,14.73,C,7,0,0
4275,2,male,14.3,5,0,17.39,C,6,0,0
4279,2,male,47.0,4,4,39.8,Q,9,0,0
4280,2,male,16.1,4,4,3.45,C,9,0,0
4298,2,male,56.8,2,3,43.81,S,6,0,0
4303,2,female,41.4,5,0,16.66,S,6,0,0
4306,2,male,22.7,0,1,42.28,S,2,0,0
4358,2,male,37.0,0,1,1.35,S,2,0,0
4364,2,female,39.6,5,4,43.89,S,10,0,0
4369,2,female,37.3,3,3,130.26,S,7,0,0
4372,2,male,33.8,4,3,74.81,S,8,0,0
4378,2,male,28.6,4,4,5.77,S,9,0,0
4388,2,male,13.7,3,0,13.32,C,4,0,0
4389,2,female,38.0,5,0,15.17,S,6,0,0
4398,2,male,29.5,1,0,87.81,S,2,0,0
4399,2,male,44.5,0,2,15.41,S,3,0,0
4407,2,female,22.5,0,4,69.61,C,5,0,0
4409,2,male,31.0,5,4,38.79,Q,10,0,0
4415,2,male,21.3,4,4,1.64,S,9,0,0
4416,2,male,41.7,5,2,3.34,C,8,0,0
4427,2,female,9.5,0,1,58.05,S,2,0,0
4428,2,female,47.7,5,2,37.24,S,8,0,0
4432,2,female,55.8,5,2,96.18,S,8,0,0
4436,2,male,8.5,1,1,39.23,C,3,0,0
4450,2,female,45.6,5,4,40.06,S,10,0,0
4455,2,female,2.3,5,0,20.62,S,6,0,0
4458,2,female,12.4,0,0,58.37,S,1,1,0
4460,2,male,47.7,2,2,13.42,Q,5,0,0
4465,2,female,31.7,2,1,59.63,S,4,0,0
4467,2,female,35.9,0,1,6.47,S,2,0,0
4473,2,male,36.7,5,2,12.74,S,8,0,0
4478,2,male,47.3,1,1,54.79,S,3,0,0
4480,2,male,31.1,0,1,10.25,C,2,0,0
4495,2,female,7.0,2,3,6.75,S,6,0,0
4498,2,female,52.2,5,3,57.1,S,9,0,0
4501,2,male,28.4,4,4,38.02,S,9,0,0
4503,2,male,32.9,3,0,10.11,S,4,0,0
4504,2,female,58.3,2,4,32.3,S,7,0,0
4511,2,male,36.4,2,0,35.13,C,3,0,0
4523,2,male,24.8,5,0,57.28,C,6,0,0
4532,2,male,1.8,4,4,17.39,S,9,0,0
4538,2,male,29.7,4,1,32.91,S,6,0,0
4564,2,male,10.0,5,1,46.62,S,7,0,0
4566,2,male,59.1,5,4,22.19,S,10,0,0
4594,2,male,32.1,5,4,72.43,S,10,0,0
4597,2,female,28.3,4,4,26.67,S,9,0,0
4607,2,female,21.0,0,4,24.95,S,5,0,0
4613,2,male,19.0,3,0,122.91,Q,4,0,0
4622,2,female,66.9,1,0,19.57,C,2,0,0
4630,2,male,32.7,0,1,115.85,S,2,0,0
4634,2,female,22.4,1,4,62.81,S,6,0,0
4650,2,male,26.3,1,2,28.77,C,4,0,0
4681,2,male,30.4,3,3,29.67,S,7,0,0
4687,2,male,41.9,4,1,22.05,S,6,0,0
4693,2,female,29.0,4,2,53.3,C,7,0,0
4698,2,female,26.0,5,2,21.3,C,8,0,0
4705,2,female,8.6,0,2,27.1,S,3,0,0
4710,2,female,37.1,2,0,25.04,S,3,0,0
4714,2,male,36.3,2,0,6.55,C,3,0,0
4721,2,male,28.9,4,0,20.4,S,5,0,0
4723,2,male,14.2,3,0,74.89,C,4,0,0
4724,2,female,25.8,0,4,11.86,S,5,0,0
4734,2,male,31.6,5,0,31.34,C,6,0,0
4741,2,female,42.8,5,1,6.18,S,7,0,0
4763,2,male,27.8,5,2,63.98,S,8,0,0
4764,2,male,12.3,2,2,11.58,S,5,0,0
4769,2,female,43.0,2,2,55.46,S,5,0,0
4776,2,male,45.2,4,4,106.99,S,9,0,0
4778,2,male,12.2,2,3,83.05,S,6,0,0
4782,2,male,0.0,1,2,5.59,S,4,0,0
4813,2,female,22.3,4,3,13.71,S,8,0,0
4821,2,male,30.0,1,0,6.27,S,2,0,0
4827,2,male,30.9,0,3,7.08,C,4,0,0
4834,2,male,32.5,3,0,59.36,S,4,0,0
4837,2,female,46.7,2,1,1.85,Q,4,0,0
4849,2,female,0.0,4,0,9.64,S,5,0,0
4851,2,male,27.3,0,3,13.85,S,4,0,0
4866,2,male,22.9,1,0,15.96,C,2,0,0
4872,2,female,0.0,5,0,45.56,S,6,0,0
4873,2,female,19.0,4,0,19.53,C,5,0,0
4874,2,female,10.2,2,3,17.12,S,6,0,0
4896,2,male,45.6,0,4,2.62,S,5,0,0
4905,2,male,27.8,4,2,6.47,S,7,0,0
4913,2,female,21.1,0,1,63.43,S,2,0,0
4916,2,female,24.7,2,0,49.81,S,3,0,0
4927,2,male,22.3,1,0,32.94,S,2,0,0
4930,2,female,37.5,3,3,18.29,S,7,0,0
4935,2,male,34.2,3,4,12.33,S,8,0,0
4958,2,male,35.1,3,4,4.89,Q,8,0,0
4970,2,female,23.8,2,3,42.52,S,6,0,0
4977,2,male,25.8,5,4,91.89,S,10,0,0
4979,2,female,39.1,0,2,13.94,S,3,0,0
4984,2,male,31.6,0,4,2.2,S,5,0,0
4997,2,male,42.7,5,0,8.48,C,6,0,0
5010,2,male,31.4,2,4,5.94,S,7,0,0
5014,2,male,24.9,3,3,1.74,S,7,0,0
5021,2,female,11.0,1,0,29.53,C,2,0,0
5025,2,female,0.0,3,2,32.84,Q,6,0,0
5033,2,male,14.9,1,3,48.82,Q,5,0,0
5046,2,male,26.7,2,1,9.24,S,4,0,0
5053,2,male,9.3,0,4,32.2,S,5,0,0
5065,2,female,14.7,1,0,18.46,S,2,0,0
5066,2,female,20.6,0,0,3.68,S,1,1,0
5070,2,male,3.9,5,0,28.74,S,6,0,0
5077,2,male,36.0,2,2,1.24,C,5,0,0
5079,2,male,41.6,2,0,19.22,C,3,0,0
5093,2,male,42.8,3,1,71.37,S,5,0,0
5102,2,male,41.9,1,3,1.51,S,5,0,0
5103,2,male,49.4,4,2,28.98,S,7,0,0
5116,2,male,45.3,0,3,19.59,S,4,0,0
5119,2,male,19.3,4,1,62.24,S,6,0,0
5128,2,male,39.3,2,4,4.89,C,7,0,0
5130,2,female,24.4,1,2,0.72,C,4,0,0
5133,2,female,34.4,4,1,34.58,S,6,0,0
5136,2,female,32.2,5,4,7.44,S,10,0,0
5158,2,male,34.5,2,2,15.39,Q,5,0,0
5159,2,male,36.0,4,4,0.49,C,9,0,0
5164,2,male,39.8,5,4,34.54,C,10,0,0
5174,2,male,26.4,2,2,21.3,S,5,0,0
5178,2,male,9.6,0,1,39.62,C,2,0,0
5194,2,male,18.0,4,1,56.77,S,6,0,0
5205,2,male,29.1,3,1,42.85,S,5,0,0
5212,2,male,35.0,4,0,9.61,S,5,0,0
5215,2,female,40.3,5,2,34.53,S,8,0,0
5225,2,male,27.0,3,1,10.21,S,5,0,0
5231,2,male,17.0,3,4,62.88,C,8,0,0
5234,2,male,59.3,0,1,2.05,S,2,0,0
5239,2,female,32.7,0,0,8.24,S,1,1,0
5245,2,male,28.3,1,2,12.22,S,4,0,0
5249,2,male,33.1,0,0,41.93,S,1,1,0
5253,2,male,29.2,2,4,4.58,Q,7,0,0
5267,2,female,67.9,0,2,42.27,S,3,0,0
5269,2,male,47.0,2,2,4.15,S,5,0,0
5270,2,male,25.8,2,4,16.49,S,7,0,0
5275,2,male,31.6,4,2,112.62,C,7,0,0
5276,2,male,23.4,2,3,4.89,C,6,0,0
5277,2,female,2.9,5,3,2.81,S,9,0,0
5287,2,male,16.9,0,0,25.32,S,1,1,0
5288,2,male,18.6,3,2,34.15,S,6,0,0
5301,2,female,49.6,2,1,12.49,S,4,0,0
5306,2,female,34.2,5,3,2.1,S,9,0,0
5310,2,male,28.5,0,0,13.87,S,1,1,0
5311,2,male,16.4,5,4,21.85,S,10,0,0
5314,2,female,20.6,2,3,12.79,S,6,0,0
5322,2,male,15.0,2,3,42.56,S,6,0,0
5324,2,male,9.7,5,4,24.62,S,10,0,0
5325,2,male,30.6,4,1,117.9,Q,6,0,0
5333,2,female,30.2,2,2,18.67,C,5,0,0
5342,2,male,19.7,4,1,48.65,C,6,0,0
5346,2,male,43.8,5,3,34.84,C,9,0,0
5352,2,female,41.2,5,4,14.51,S,10,0,0
5359,2,male,16.0,1,4,10.71,S,6,0,0
5361,2,female,29.4,5,3,1.45,S,9,0,0
5362,2,male,30.1,4,2,2.23,S,7,0,0
5369,2,female,21.2,1,2,26.13,C,4,0,0
5371,2,female,23.4,3,4,6.98,Q,8,0,0
5374,2,male,14.3,3,3,59.4,S,7,0,0
5381,2,female,11.6,3,2,10.93,S,6,0,0
5382,2,male,23.7,2,0,17.88,S,3,0,0
5383,2,male,16.3,3,2,1.62,S,6,0,0
5390,2,female,25.8,3,4,164.16,S,8,0,0
5395,2,male,25.6,0,0,57.71,S,1,1,0
5397,2,female,29.6,0,2,58.59,C,3,0,0
5404,2,male,38.0,3,4,55.17,S,8,0,0
5409,2,male,2.3,1,1,77.77,S,3,0,0
5419,2,male,16.8,1,2,11.48,S,4,0,0
5420,2,female,23.3,1,0,8.9,S,2,0,0
5431,2,male,25.2,1,1,2.33,S,3,0,0
5436,2,male,17.5,5,3,43.64,S,9,0,0
5441,2,female,27.7,3,3,38.6,S,7,0,0
5442,2,female,15.0,5,0,69.73,C,6,0,0
5462,2,female,29.0,0,4,26.03,S,5,0,0
5474,2,female,8.8,1,3,4.43,S,5,0,0
5479,2,male,26.8,4,3,86.35,S,8,0,0
5486,2,male,24.0,3,1,22.08,S,5,0,0
5496,2,male,24.1,4,4,44.34,S,9,0,0
5500,2,male,59.7,3,1,9.68,C,5,0,0
5504,2,male,22.3,2,3,28.84,S,6,0,0
5509,2,male,1.6,4,4,38.54,S,9,0,0
5530,2,female,49.0,3,2,15.52,S,6,0,0
5534,2,male,47.4,4,2,4.99,C,7,0,0
5556,2,male,44.5,0,4,0.98,S,5,0,0
5586,2,female,23.1,2,1,149.22,S,4,0,0
5587,2,male,54.9,2,1,40.55,S,4,0,0
5596,2,male,29.6,0,4,77.12,C,5,0,0
5601,2,female,13.8,0,3,41.57,S,4,0,0
5604,2,male,18.2,1,3,83.81,S,5,0,0
5610,2,male,38.8,0,4,8.09,S,5,0,0
5614,2,female,17.0,5,4,12.25,S,10,0,0
5618,2,female,36.7,5,3,0.06,C,9,0,0
5624,2,male,27.6,2,2,5.06,S,5,0,0
5635,2,female,32.8,5,2,24.97,S,8,0,0
5640,2,female,26.4,5,0,0.95,S,6,0,0
5652,2,male,15.7,1,0,24.99,S,2,0,0
5663,2,male,13.4,0,4,28.57,S,5,0,0
5671,2,male,36.0,4,1,52.38,S,6,0,0
5673,2,female,19.0,0,4,2.86,S,5,0,0
5676,2,male,53.1,3,4,8.47,S,8,0,0
5680,2,female,12.2,2,3,13.19,S,6,0,0
5681,2,male,37.3,2,2,1.3,C,5,0,0
5684,2,female,2.5,5,4,18.16,S,10,0,0
5690,2,male,45.2,0,2,32.36,S,3,0,0
5695,2,male,26.1,5,3,8.06,C,9,0,0
5696,2,male,31.7,4,0,106.34,S,5,0,0
5701,2,male,20.7,5,0,82.82,S,6,0,0
5702,2,male,18.3,5,3,1.96,C,9,0,0
5707,2,male,12.3,0,2,19.86,C,3,0,0
5712,2,female,49.7,4,1,13.93,Q,6,0,0
5717,2,male,40.9,5,0,45.85,C,6,0,0
5721,2,female,51.2,3,0,0.57,S,4,0,0
5733,2,female,16.4,3,2,118.06,S,6,0,0
5738,2,male,30.6,4,4,57.7,S,9,0,0
5752,2,male,44.9,4,3,1.83,C,8,0,0
5813,2,female,26.7,4,1,3.04,S,6,0,0
5817,2,female,25.3,3,0,16.2,S,4,0,0
5825,2,female,8.6,5,3,4.17,S,9,0,0
5827,2,male,34.3,0,0,25.82,S,1,1,0
5835,2,male,36.1,0,3,10.09,C,4,0,0
5837,2,male,16.7,4,3,41.62,Q,8,0,0
5842,2,male,19.3,1,0,1.11,S,2,0,0
5850,2,male,34.0,2,3,9.86,C,6,0,0
5860,2,male,10.0,3,0,2.88,S,4,0,0
5861,2,male,45.3,0,2,24.23,C,3,0,0
5862,2,male,23.4,1,0,92.45,S,2,0,0
5875,2,male,30.4,5,4,118.77,S,10,0,0
5879,2,female,34.8,3,0,6.74,S,4,0,0
5880,2,male,26.3,5,2,31.45,Q,8,0,0
5889,2,male,57.9,1,0,15.49,S,2,0,0
5894,2,male,47.1,4,2,83.3,S,7,0,0
5895,2,male,37.3,5,4,27.48,S,10,0,0
5908,2,female,8.5,1,0,1.89,S,2,0,0
5945,2,male,17.7,3,1,2.62,C,5,0,0
5974,2,male,13.1,4,0,24.9,S,5,0,0
5978,2,female,33.0,3,3,9.18,S,7,0,0
5979,2,female,13.5,3,3,51.36,Q,7,0,0
5999,2,male,47.8,2,0,10.24,S,3,0,0
6020,2,male,20.9,5,3,2.07,S,9,0,0
6046,2,male,19.2,0,2,19.47,S,3,0,0
6060,2,male,23.4,2,0,6.69,Q,3,0,0
6062,2,female,14.0,4,0,175.34,S,5,0,0
6063,2,male,31.2,4,0,7.87,Q,5,0,0
6067,2,male,9.4,3,2,35.98,S,6,0,0
6068,2,male,6.3,3,0,9.43,S,4,0,0
6071,2,male,10.0,5,0,48.75,C,6,0,0
6074,2,male,43.7,5,0,6.74,S,6,0,0
6076,2,male,49.8,2,0,30.11,S,3,0,0
6079,2,male,35.8,3,2,11.52,Q,6,0,0
6082,2,male,30.8,3,4,1.08,C,8,0,0
6084,2,male,18.2,2,3,11.62,S,6,0,0
6102,2,female,49.6,5,1,12.28,S,7,0,0
6118,2,male,22.6,4,1,36.19,S,6,0,0
6120,2,male,35.9,5,1,50.98,S,7,0,0
6126,2,male,19.9,2,2,0.92,S,5,0,0
6132,2,male,18.6,2,4,27.29,C,7,0,0
6146,2,male,55.6,2,0,57.97,C,3,0,0
6165,2,male,8.2,0,1,13.03,S,2,0,0
6178,2,female,21.8,1,4,24.43,S,6,0,0
6179,2,male,23.8,2,3,12.58,S,6,0,0
6184,2,female,27.8,5,0,25.78,S,6,0,0
6188,2,female,6.9,1,4,15.67,C,6,0,0
6210,2,male,37.6,2,4,48.44,S,7,0,0
6224,2,male,49.8,5,1,37.9,S,7,0,0
6230,2,female,29.4,1,4,41.64,S,6,0,0
6241,2,female,20.0,4,3,25.14,S,8,0,0
6254,2,female,29.4,0,0,5.17,S,1,1,0
6256,2,male,23.0,2,4,23.29,S,7,0,0
6284,2,female,25.8,2,1,78.7,S,4,0,0
6287,2,male,41.9,5,1,93.64,S,7,0,0
6289,2,female,39.1,4,2,63.89,S,7,0,0
6291,2,female,38.6,0,1,58.38,S,2,0,0
6296,2,male,8.6,4,2,62.89,S,7,0,0
6297,2,female,22.0,0,2,5.8,Q,3,0,0
6299,2,male,50.7,4,2,22.33,S,7,0,0
6319,2,male,23.3,1,1,4.76,S,3,0,0
6321,2,female,45.0,1,4,80.62,C,6,0,0
6322,2,male,26.8,2,2,57.95,S,5,0,0
6330,2,male,53.7,0,0,10.33,S,1,1,0
6344,2,male,7.4,0,4,60.48,S,5,0,0
6357,2,female,30.6,1,1,18.17,S,3,0,0
6361,2,male,16.2,1,2,42.79,S,4,0,0
6362,2,female,28.9,0,2,22.94,C,3,0,0
6363,2,male,21.1,0,0,6.58,S,1,1,0
6365,2,female,45.5,2,3,50.58,C,6,0,0
6404,2,male,54.9,4,2,4.51,Q,7,0,0
6411,2,male,39.3,2,1,43.12,S,4,0,0
6415,2,male,30.1,0,4,7.51,S,5,0,0
6429,2,female,45.4,0,2,79.65,S,3,0,0
6433,2,female,30.5,5,4,1.09,S,10,0,0
6435,2,female,11.1,2,3,7.43,C,6,0,0
6438,2,male,17.0,4,2,46.88,S,7,0,0
6445,2,female,39.4,4,3,12.18,S,8,0,0
6449,2,male,24.6,4,2,28.52,C,7,0,0
6467,2,male,27.5,5,0,64.54,S,6,0,0
6476,2,male,0.7,2,0,95.4,S,3,0,0
6477,2,male,35.6,0,2,148.1,S,3,0,0
6479,2,male,31.0,0,0,38.61,C,1,1,0
6480,2,female,7.4,3,0,10.46,S,4,0,0
6496,2,male,24.1,1,1,21.15,C,3,0,0
6500,2,female,34.4,1,1,10.29,C,3,0,0
6530,2,male,25.3,0,2,0.39,S,3,0,0
6551,2,male,23.3,5,0,27.34,C,6,0,0
6553,2,male,8.8,4,1,6.57,S,6,0,0
6557,2,male,5.7,1,1,39.89,S,3,0,0
6562,2,male,36.5,5,2,17.39,S,8,0,0
6577,2,male,9.2,1,3,12.21,C,5,0,0
6609,2,female,48.0,2,2,40.3,S,5,0,0
6616,2,female,30.5,3,2,26.55,C,6,0,0
6661,2,female,47.5,4,3,16.42,S,8,0,0
6669,2,male,26.0,0,2,24.11,S,3,0,0
6674,2,female,31.8,5,2,2.97,S,8,0,0
6685,2,male,12.1,0,1,23.77,S,2,0,0
6689,2,female,29.8,1,0,123.31,C,2,0,0
6703,2,male,10.6,5,1,76.81,S,7,0,0
6707,2,male,31.5,4,1,38.27,S,6,0,0
6711,2,female,34.6,3,1,35.86,C,5,0,0
6716,2,female,28.1,2,0,23.78,S,3,0,0
6718,2,male,26.1,3,3,16.11,S,7,0,0
6721,2,male,27.8,2,3,1.23,S,6,0,0
6724,2,male,34.0,2,4,23.33,S,7,0,0
6741,2,female,9.5,3,4,2.75,S,8,0,0
6742,2,male,24.7,3,0,8.31,C,4,0,0
6744,2,female,24.5,3,1,0.49,Q,5,0,0
6747,2,female,5.2,0,0,8.57,S,1,1,0
6749,2,female,23.1,0,1,7.89,S,2,0,0
6754,2,male,35.7,1,2,129.34,S,4,0,0
6759,2,male,37.9,4,3,23.35,C,8,0,0
6761,2,male,24.5,1,2,14.37,C,4,0,0
6763,2,male,14.7,3,1,10.99,C,5,0,0
6770,2,female,42.8,1,4,9.0,S,6,0,0
6773,2,male,49.6,3,4,24.49,Q,8,0,0
6780,2,male,29.0,4,2,27.16,S,7,0,0
6789,2,female,14.3,0,3,69.74,C,4,0,0
6792,2,male,29.8,1,3,4.45,C,5,0,0
6799,2,male,8.6,1,4,2.36,S,6,0,0
6801,2,female,50.9,1,3,18.01,C,5,0,0
6807,2,female,1.0,2,2,10.82,S,5,0,0
6812,2,female,34.6,3,2,7.16,S,6,0,0
6824,2,male,2.3,0,3,18.62,C,4,0,0
6829,2,female,8.0,5,3,90.71,S,9,0,0
6831,2,male,17.8,3,3,31.29,S,7,0,0
6832,2,male,36.0,2,4,3.27,S,7,0,0
6837,2,male,59.7,3,0,35.92,C,4,0,0
6838,2,female,20.1,4,2,20.3,S,7,0,0
6843,2,male,20.3,3,0,8.53,S,4,0,0
6846,2,male,1.4,5,2,22.14,Q,8,0,0
6906,2,male,36.8,0,4,127.61,S,5,0,0
6915,2,male,64.6,4,2,31.0,S,7,0,0
6919,2,female,27.3,1,1,109.54,S,3,0,0
6925,2,male,18.4,4,2,39.61,S,7,0,0
6943,2,male,35.0,3,0,15.6,S,4,0,0
6961,2,male,9.2,2,0,21.61,S,3,0,0
6970,2,male,42.1,5,1,36.82,C,7,0,0
6981,2,female,31.7,4,0,25.51,S,5,0,0
6987,2,male,31.7,0,0,5.26,S,1,1,0
6988,2,male,45.8,4,1,2.86,Q,6,0,0
6991,2,male,21.2,4,0,22.27,S,5,0,0
6992,2,female,49.9,3,4,4.76,S,8,0,0
6993,2,male,0.0,5,1,9.78,Q,7,0,0
7014,2,male,38.2,4,0,48.35,S,5,0,0
7017,2,female,18.1,1,4,81.87,S,6,0,0
7024,2,female,24.3,4,3,0.72,S,8,0,0
7038,2,male,25.2,4,4,6.36,S,9,0,0
7043,2,female,41.7,5,1,2.17,C,7,0,0
7061,2,female,11.1,3,3,6.49,S,7,0,0
7065,2,female,29.4,5,0,16.91,S,6,0,0
7070,2,male,23.5,0,4,17.02,S,5,0,0
7075,2,male,0.0,1,4,93.3,S,6,0,0
7076,2,male,32.6,4,2,17.95,S,7,0,0
7083,2,female,31.3,2,0,205.71,S,3,0,0
7090,2,male,34.5,1,3,44.27,Q,5,0,0
7093,2,male,12.5,5,0,2.88,S,6,0,0
7105,2,male,25.0,4,3,15.67,S,8,0,0
7112,2,male,32.4,4,3,7.95,C,8,0,0
7117,2,male,45.7,1,2,17.54,S,4,0,0
7133,2,male,23.0,5,3,56.64,S,9,0,0
7134,2,male,34.0,3,3,19.39,S,7,0,0
7141,2,male,13.4,2,2,2.38,Q,5,0,0
7167,2,male,31.2,0,1,81.43,S,2,0,0
7170,2,male,25.5,3,3,1.88,S,7,0,0
7186,2,female,17.9,2,1,5.9,S,4,0,0
7187,2,male,22.1,3,4,27.13,S,8,0,0
7190,2,male,22.1,1,2,13.38,C,4,0,0
7193,2,male,24.9,5,1,23.3,S,7,0,0
7206,2,female,10.0,2,2,42.91,C,5,0,0
7207,2,female,0.0,4,0,1.25,S,5,0,0
7211,2,female,50.3,1,3,14.0,S,5,0,0
7227,2,female,20.1,1,2,1.84,S,4,0,0
7230,2,female,25.9,0,0,104.31,C,1,1,0
7231,2,male,36.9,5,1,16.69,S,7,0,0
7257,2,male,40.4,0,1,20.58,S,2,0,0
7268,2,male,20.9,4,3,3.27,S,8,0,0
7276,2,female,49.4,0,2,2.18,S,3,0,0
7279,2,male,45.8,4,0,16.79,S,5,0,0
7281,2,female,25.7,5,1,12.82,C,7,0,0
7300,2,female,16.2,4,2,7.22,S,7,0,0
7304,2,male,25.6,3,0,3.09,Q,4,0,0
7341,2,female,10.4,4,2,17.56,S,7,0,0
7344,2,female,45.6,1,2,42.86,S,4,0,0
7347,2,female,23.1,0,3,23.49,C,4,0,0
7377,2,male,3.2,5,2,0.58,S,8,0,0
7381,2,male,37.5,2,4,4.33,S,7,0,0
7395,2,male,21.2,2,4,9.09,Q,7,0,0
7404,2,male,19.1,2,4,38.49,S,7,0,0
7405,2,male,15.6,5,0,54.7,S,6,0,0
7433,2,male,39.7,4,4,36.72,C,9,0,0
7438,2,male,36.3,0,1,21.15,S,2,0,0
7450,2,female,27.5,2,2,22.57,S,5,0,0
7451,2,female,12.6,4,2,10.64,C,7,0,0
7452,2,female,46.2,4,1,12.41,S,6,0,0
7456,2,male,39.9,4,1,12.8,S,6,0,0
7463,2,male,43.1,3,3,4.69,S,7,0,0
7468,2,female,44.7,0,3,17.54,S,4,0,0
7475,2,male,18.4,2,3,36.26,C,6,0,0
7477,2,male,42.2,5,4,58.64,C,10,0,0
7481,2,female,41.3,3,2,8.11,S,6,0,0
7491,2,female,47.7,0,1,2.72,S,2,0,0
7500,2,male,57.5,2,1,4.56,Q,4,0,0
7502,2,male,26.4,4,1,38.17,S,6,0,0
7504,2,male,26.9,0,1,65.23,S,2,0,0
7516,2,male,41.5,5,4,0.18,Q,10,0,0
7522,2,male,17.5,3,4,30.57,S,8,0,0
7547,2,male,26.2,4,1,50.38,Q,6,0,0
7551,2,female,19.3,1,1,17.6,S,3,0,0
7558,2,male,40.1,5,1,13.09,S,7,0,0
7569,2,female,12.4,5,3,28.9,S,9,0,0
7574,2,female,8.4,0,4,31.68,C,5,0,0
7575,2,female,7.3,5,1,5.57,S,7,0,0
7576,2,female,23.0,2,2,3.18,S,5,0,0
7586,2,male,41.3,0,2,25.93,S,3,0,0
7602,2,male,10.9,2,4,61.8,C,7,0,0
7619,2,female,31.7,5,4,4.88,S,10,0,0
7622,2,male,39.4,1,4,15.13,S,6,0,0
7627,2,male,11.3,1,2,85.93,C,4,0,0
7635,2,female,11.9,1,3,6.97,S,5,0,0
7638,2,male,22.9,2,3,38.54,S,6,0,0
7649,2,male,37.3,1,0,55.17,S,2,0,0
7669,2,female,38.1,1,2,111.49,S,4,0,0
7674,2,female,26.5,3,4,65.61,C,8,0,0
7683,2,female,45.1,3,2,4.91,S,6,0,0
7684,2,male,48.8,5,2,9.93,S,8,0,0
7698,2,male,43.3,4,0,24.12,S,5,0,0
7705,2,male,20.0,5,4,0.96,S,10,0,0
7716,2,male,43.9,1,4,6.18,S,6,0,0
7726,2,female,15.9,2,2,76.92,Q,5,0,0
7745,2,female,38.8,1,3,6.92,S,5,0,0
7748,2,male,25.5,4,1,1.39,C,6,0,0
7773,2,male,8.1,1,1,4.94,S,3,0,0
7780,2,male,7.6,2,1,10.55,S,4,0,0
7785,2,male,37.7,4,2,10.89,S,7,0,0
7792,2,female,35.2,3,2,2.1,S,6,0,0
7799,2,male,26.0,4,2,8.25,C,7,0,0
7808,2,male,21.8,1,4,21.57,C,6,0,0
7810,2,female,31.4,1,3,5.35,S,5,0,0
7828,2,male,39.8,3,4,15.7,S,8,0,0
7831,2,male,37.4,5,1,13.26,S,7,0,0
7832,2,male,16.3,5,3,20.28,S,9,0,0
7845,2,male,41.0,3,4,29.22,S,8,0,0
7848,2,male,33.1,3,4,21.53,S,8,0,0
7854,2,male,67.0,1,2,13.56,S,4,0,0
7862,2,female,10.9,1,4,5.4,S,6,0,0
7893,2,male,24.5,3,3,19.65,S,7,0,0
7897,2,male,0.0,2,3,49.77,C,6,0,0
7906,2,female,6.2,4,0,43.26,C,5,0,0
7911,2,male,32.4,2,4,14.15,S,7,0,0
7913,2,male,18.5,2,0,23.4,S,3,0,0
7918,2,male,2.5,3,4,62.91,S,8,0,0
7923,2,male,13.6,4,2,26.39,S,7,0,0
7925,2,female,37.1,5,1,77.78,S,7,0,0
7939,2,female,22.9,5,4,3.83,S,10,0,0
7940,2,male,15.2,1,3,22.55,C,5,0,0
7944,2,male,39.7,4,2,16.98,S,7,0,0
7953,2,male,20.2,4,3,12.43,Q,8,0,0
7959,2,female,43.4,5,0,1.13,S,6,0,0
7994,2,female,18.0,0,2,19.79,S,3,0,0
7999,2,male,6.2,4,3,8.54,C,8,0,0
8002,2,male,20.0,1,4,2.66,C,6,0,0
8017,2,male,23.4,1,4,46.76,Q,6,0,0
8024,2,male,39.2,2,0,6.01,S,3,0,0
8033,2,male,32.5,0,0,3.06,S,1,1,0
8045,2,male,33.7,3,3,20.07,C,7,0,0
8051,2,female,0.0,3,1,42.45,C,5,0,0
8055,2,male,50.7,1,0,18.64,S,2,0,0
8071,2,male,34.5,3,3,47.69,S,7,0,0
8083,2,male,42.8,5,0,61.53,S,6,0,0
8096,2,male,33.5,0,2,49.21,S,3,0,0
8125,2,male,51.5,2,4,4.09,C,7,0,0
8131,2,male,34.1,5,0,28.02,C,6,0,0
8138,2,male,36.8,2,1,41.96,S,4,0,0
8140,2,female,16.8,0,4,43.28,S,5,0,0
8158,2,male,27.1,3,3,31.05,S,7,0,0
8161,2,male,30.6,2,2,2.38,C,5,0,0
8175,2,male,57.8,3,2,63.13,C,6,0,0
8181,2,male,37.2,0,0,19.3,Q,1,1,0
8192,2,female,22.4,4,4,6.79,S,9,0,0
8194,2,male,9.7,1,2,21.21,C,4,0,0
8203,2,male,47.8,4,1,75.81,S,6,0,0
8213,2,female,52.9,3,1,5.21,Q,5,0,0
8215,2,male,11.2,1,0,21.45,S,2,0,0
8221,2,male,38.2,0,1,5.78,Q,2,0,0
8226,2,female,21.5,5,3,21.17,S,9,0,0
8233,2,female,74.1,0,0,11.56,C,1,1,0
8235,2,male,32.8,4,0,11.4,Q,5,0,0
8256,2,female,21.5,2,3,58.21,S,6,0,0
8280,2,male,18.3,3,4,82.46,Q,8,0,0
8283,2,male,31.0,3,3,123.9,S,7,0,0
8289,2,female,29.4,3,4,2.01,C,8,0,0
8298,2,female,29.7,2,1,24.47,C,4,0,0
8301,2,male,42.6,3,4,20.76,C,8,0,0
8305,2,male,29.1,5,1,17.12,S,7,0,0
8319,2,male,9.5,5,4,172.66,S,10,0,0
8329,2,female,35.0,5,3,97.1,S,9,0,0
8348,2,male,40.0,2,1,29.12,C,4,0,0
8353,2,male,30.9,5,1,22.88,S,7,0,0
8391,2,male,23.6,2,3,35.25,S,6,0,0
8396,2,female,21.3,1,4,106.64,C,6,0,0
8397,2,female,25.4,1,2,89.88,S,4,0,0
8408,2,male,25.5,1,1,3.28,S,3,0,0
8420,2,female,31.3,1,4,119.87,C,6,0,0
8422,2,male,31.6,1,2,0.23,S,4,0,0
8437,2,male,40.2,3,1,0.26,S,5,0,0
8455,2,male,38.8,3,1,67.33,S,5,0,0
8467,2,male,29.1,1,3,58.65,S,5,0,0
8469,2,male,9.5,0,0,14.29,C,1,1,0
8476,2,male,23.6,4,4,22.82,S,9,0,0
8486,2,male,26.1,5,3,2.68,S,9,0,0
8487,2,female,23.9,2,0,59.76,S,3,0,0
8509,2,male,48.8,5,3,31.92,Q,9,0,0
8545,2,female,45.7,3,1,22.1,C,5,0,0
8549,2,male,17.0,4,0,55.71,C,5,0,0
8551,2,male,54.2,5,4,5.69,C,10,0,0
8564,2,male,24.1,2,3,19.44,S,6,0,0
8569,2,female,23.2,4,3,56.31,S,8,0,0
8570,2,male,39.3,1,3,9.84,Q,5,0,0
8577,2,male,50.5,2,2,47.94,S,5,0,0
8583,2,male,15.2,3,1,15.85,C,5,0,0
8592,2,male,31.2,3,1,37.53,S,5,0,0
8622,2,male,5.3,4,2,5.5,S,7,0,0
8624,2,male,30.5,2,4,23.45,S,7,0,0
8638,2,male,39.2,2,1,12.17,S,4,0,0
8643,2,male,41.0,0,2,90.96,S,3,0,0
8649,2,male,31.4,1,4,1.58,S,6,0,0
8657,2,male,14.2,5,1,47.7,S,7,0,0
8660,2,female,38.8,5,4,29.55,S,10,0,0
8675,2,male,35.9,3,0,17.87,S,4,0,0
8676,2,female,48.3,1,1,36.13,C,3,0,0
8683,2,male,26.5,4,3,34.9,S,8,0,0
8685,2,male,8.1,2,3,19.84,S,6,0,0
8690,2,male,18.6,0,3,38.83,S,4,0,0
8703,2,male,55.8,0,0,41.65,S,1,1,0
8722,2,male,33.9,3,2,32.32,C,6,0,0
8726,2,male,13.3,3,2,2.84,S,6,0,0
8728,2,female,18.2,5,1,16.0,C,7,0,0
8729,2,male,9.4,3,0,19.86,S,4,0,0
8732,2,female,24.4,1,1,10.39,S,3,0,0
8738,2,male,23.6,0,4,0.14,C,5,0,0
8741,2,male,37.6,3,2,7.11,Q,6,0,0
8742,2,male,31.1,5,3,23.49,S,9,0,0
8756,2,female,30.7,5,2,14.93,S,8,0,0
8758,2,male,21.0,2,2,38.63,Q,5,0,0
8767,2,female,29.0,5,2,7.93,S,8,0,0
8769,2,female,38.5,1,4,37.14,S,6,0,0
8771,2,male,24.3,2,3,136.66,S,6,0,0
8773,2,male,23.3,5,2,25.4,S,8,0,0
8777,2,male,43.1,0,0,13.75,S,1,1,0
8791,2,male,10.4,5,2,6.93,C,8,0,0
8792,2,female,27.0,2,4,27.99,S,7,0,0
8796,2,male,31.7,5,3,10.49,S,9,0,0
8797,2,female,26.6,5,3,40.36,S,9,0,0
8801,2,female,9.8,3,2,15.08,S,6,0,0
8802,2,male,31.3,2,4,5.06,Q,7,0,0
8808,2,male,34.0,2,1,95.9,S,4,0,0
8810,2,male,31.1,5,2,2.42,C,8,0,0
8816,2,female,53.5,3,4,25.86,C,8,0,0
8817,2,female,31.2,4,4,38.36,S,9,0,0
8820,2,female,10.8,2,4,9.65,S,7,0,0
8830,2,male,27.9,5,0,0.8,Q,6,0,0
8836,2,male,18.5,4,1,14.83,S,6,0,0
8839,2,female,24.9,0,0,15.95,S,1,1,0
8844,2,male,24.6,3,1,0.53,S,5,0,0
8849,2,male,36.6,5,3,15.66,C,9,0,0
8867,2,male,28.4,4,4,0.83,S,9,0,0
8869,2,female,43.1,0,2,12.07,S,3,0,0
8873,2,male,29.7,0,1,14.26,S,2,0,0
8876,2,female,37.0,5,3,12.97,S,9,0,0
8882,2,female,22.6,1,3,33.36,S,5,0,0
8889,2,male,38.1,3,4,15.94,C,8,0,0
8893,2,male,42.0,4,0,23.91,S,5,0,0
8895,2,male,8.3,3,4,20.4,S,8,0,0
8904,2,male,19.1,2,0,14.6,S,3,0,0
8913,2,female,35.7,1,4,98.31,S,6,0,0
8914,2,male,15.9,0,1,65.11,S,2,0,0
8922,2,male,32.5,4,4,37.47,C,9,0,0
8925,2,female,23.0,3,2,32.83,S,6,0,0
8926,2,male,6.3,4,3,29.49,C,8,0,0
8927,2,male,27.9,0,2,35.3,S,3,0,0
8931,2,female,25.5,5,2,98.37,C,8,0,0
8938,2,male,20.9,5,4,2.36,S,10,0,0
8939,2,female,29.3,2,0,32.08,S,3,0,0
8953,2,male,38.0,5,4,9.84,C,10,0,0
8962,2,male,34.4,3,4,10.45,S,8,0,0
8972,2,female,33.3,5,4,0.49,S,10,0,0
8974,2,female,21.6,5,2,6.16,S,8,0,0
8976,2,male,13.3,4,4,13.51,S,9,0,0
8986,2,male,13.6,1,1,13.71,S,3,0,0
8989,2,male,37.2,1,1,13.52,S,3,0,0
8991,2,female,30.5,3,4,48.47,S,8,0,0
8996,2,female,27.8,4,0,2.83,S,5,0,0
9005,2,male,27.6,3,2,45.54,S,6,0,0
9008,2,female,29.1,2,0,1.84,C,3,0,0
9018,2,female,12.9,0,1,8.92,Q,2,0,0
9020,2,male,43.8,3,1,54.09,Q,5,0,0
9024,2,male,45.6,5,3,8.02,S,9,0,0
9040,2,male,50.6,4,3,16.02,S,8,0,0
9041,2,female,29.9,3,2,84.48,S,6,0,0
9044,2,female,31.4,0,3,45.85,S,4,0,0
9045,2,female,40.3,3,4,28.78,C,8,0,0
9049,2,female,35.7,1,1,9.36,S,3,0,0
9051,2,male,15.6,4,2,18.71,S,7,0,0
9067,2,female,22.6,2,0,10.47,S,3,0,0
9088,2,male,24.9,5,4,109.56,S,10,0,0
9092,2,female,39.5,0,1,26.3,S,2,0,0
9099,2,male,14.9,3,3,18.66,S,7,0,0
9104,2,male,35.3,4,4,2.14,S,9,0,0
9111,2,female,32.5,2,0,8.84,S,3,0,0
9114,2,male,53.5,2,2,4.53,S,5,0,0
9126,2,male,40.0,2,1,5.88,Q,4,0,0
9130,2,male,32.2,4,1,8.86,Q,6,0,0
9135,2,male,30.7,5,3,1.18,S,9,0,0
9145,2,female,15.2,0,0,2.07,S,1,1,0
9151,2,male,34.3,2,3,40.87,C,6,0,0
9155,2,female,14.4,5,2,143.22,S,8,0,0
9159,2,male,36.4,5,3,73.07,S,9,0,0
9172,2,female,30.4,3,0,78.84,Q,4,0,0
9180,2,male,15.4,5,3,17.57,S,9,0,0
9182,2,female,10.3,3,4,55.5,S,8,0,0
9195,2,male,8.5,2,0,24.71,S,3,0,0
9213,2,male,29.6,4,0,50.54,S,5,0,0
9222,2,female,51.4,2,2,4.99,S,5,0,0
9228,2,male,50.2,4,1,77.93,S,6,0,0
9231,2,female,19.9,5,0,54.78,S,6,0,0
9237,2,male,55.7,0,4,10.5,S,5,0,0
9244,2,male,42.0,0,2,19.33,C,3,0,0
9248,2,male,10.6,0,0,9.82,C,1,1,0
9252,2,male,36.4,0,4,3.59,S,5,0,0
9261,2,female,37.7,2,3,3.15,S,6,0,0
9278,2,female,37.6,0,1,0.66,S,2,0,0
9279,2,female,48.0,5,3,11.49,S,9,0,0
9286,2,male,26.7,1,3,57.65,S,5,0,0
9288,2,female,26.8,3,3,22.44,S,7,0,0
9289,2,female,5.0,2,0,57.26,S,3,0,0
9309,2,male,4.6,4,0,14.28,S,5,0,0
9313,2,female,22.2,1,3,7.88,S,5,0,0
9314,2,male,22.3,1,3,16.7,S,5,0,0
9315,2,female,50.6,5,2,5.16,C,8,0,0
9323,2,male,50.1,5,3,5.01,S,9,0,0
9341,2,female,21.6,4,0,39.28,C,5,0,0
9357,2,male,18.6,1,1,45.99,S,3,0,0
9371,2,male,34.2,5,1,0.78,S,7,0,0
9394,2,male,36.5,5,0,43.38,S,6,0,0
9397,2,female,41.9,4,1,19.28,S,6,0,0
9402,2,male,38.9,0,0,1.4,S,1,1,0
9408,2,male,53.4,5,3,7.05,S,9,0,0
9409,2,male,43.0,5,2,66.8,S,8,0,0
9415,2,male,46.8,4,3,50.91,S,8,0,0
9419,2,male,27.7,2,3,23.91,S,6,0,0
9431,2,male,27.9,1,2,7.38,C,4,0,0
9434,2,male,46.3,1,2,7.71,C,4,0,0
9440,2,female,27.3,1,3,73.47,S,5,0,0
9449,2,female,27.0,3,2,32.48,C,6,0,0
9453,2,female,16.4,5,1,64.26,C,7,0,0
9470,2,male,6.0,5,4,4.43,S,10,0,0
9479,2,female,4.0,2,2,8.68,S,5,0,0
9482,2,male,24.3,5,4,35.98,S,10,0,0
9488,2,female,38.5,5,3,29.01,S,9,0,0
9510,2,male,25.2,5,1,3.78,C,7,0,0
9512,2,female,55.7,3,3,48.84,S,7,0,0
9521,2,female,16.7,0,3,6.65,S,4,0,0
9535,2,male,24.7,1,3,18.53,S,5,0,0
9540,2,male,45.1,3,2,4.85,S,6,0,0
9544,2,male,41.2,1,3,44.56,S,5,0,0
9546,2,female,28.7,0,0,5.46,S,1,1,0
9557,2,male,36.3,5,4,16.75,S,10,0,0
9571,2,female,22.0,1,3,21.75,S,5,0,0
9572,2,female,55.1,0,3,11.0,S,4,0,0
9573,2,female,34.3,2,1,24.42,S,4,0,0
9582,2,male,18.3,0,3,23.86,S,4,0,0
9586,2,male,28.1,2,4,18.22,C,7,0,0
9590,2,female,20.5,2,3,56.2,S,6,0,0
9611,2,female,20.9,4,1,1.99,C,6,0,0
9619,2,male,26.6,3,0,17.22,S,4,0,0
9622,2,male,24.4,2,1,12.04,C,4,0,0
9630,2,male,29.6,0,4,13.19,S,5,0,0
9632,2,female,28.0,2,4,20.42,C,7,0,0
9634,2,male,43.7,0,1,14.68,Q,2,0,0
9642,2,male,64.0,2,1,73.45,C,4,0,0
9644,2,male,44.3,3,0,184.16,Q,4,0,0
9650,2,female,19.0,4,1,143.0,S,6,0,0
9657,2,male,30.5,5,0,14.54,S,6,0,0
9664,2,male,20.0,4,1,39.6,C,6,0,0
9674,2,male,19.0,0,3,70.61,S,4,0,0
9675,2,male,14.9,0,2,51.55,S,3,0,0
9680,2,male,35.7,5,2,9.19,S,8,0,0
9685,2,male,38.4,1,3,32.12,S,5,0,0
9692,2,female,34.5,4,1,14.39,S,6,0,0
9705,2,male,46.0,3,2,146.59,S,6,0,0
9710,2,female,41.7,0,1,11.11,S,2,0,0
9713,2,female,47.8,4,4,43.66,S,9,0,0
9714,2,male,31.2,4,2,44.78,S,7,0,0
9716,2,female,70.3,0,0,26.79,S,1,1,0
9721,2,female,40.2,1,3,64.03,S,5,0,0
9740,2,male,23.6,2,1,56.41,S,4,0,0
9741,2,male,8.2,0,2,12.75,C,3,0,0
9751,2,male,5.3,5,1,12.39,S,7,0,0
9752,2,female,7.6,2,0,0.89,C,3,0,0
9761,2,male,56.4,1,1,27.9,C,3,0,0
9784,2,male,49.0,1,3,9.31,S,5,0,0
9786,2,female,14.2,0,0,3.72,Q,1,1,0
9788,2,male,10.2,4,4,57.37,C,9,0,0
9790,2,male,27.0,5,0,1.67,S,6,0,0
9795,2,male,37.0,3,3,9.93,S,7,0,0
9812,2,female,40.8,0,4,15.69,S,5,0,0
9817,2,female,30.9,0,1,26.75,S,2,0,0
9819,2,male,42.7,3,3,57.45,S,7,0,0
9823,2,male,44.8,3,0,11.22,S,4,0,0
9826,2,male,11.0,2,4,7.2,S,7,0,0
9845,2,female,27.5,0,3,17.55,S,4,0,0
9849,2,male,33.1,2,0,3.52,S,3,0,0
9855,2,female,39.8,0,3,48.14,S,4,0,0
9865,2,male,12.7,4,3,0.27,Q,8,0,0
9873,2,female,39.0,5,0,54.93,C,6,0,0
9875,2,female,38.6,5,3,6.8,S,9,0,0
9895,2,female,54.6,0,2,92.63,C,3,0,0
9907,2,male,27.9,0,3,1.11,C,4,0,0
9926,2,female,16.3,3,4,3.5,S,8,0,0
9932,2,female,39.9,4,2,0.44,Q,7,0,0
9933,2,male,15.9,1,2,24.01,S,4,0,0
9934,2,female,29.2,4,3,9.87,S,8,0,0
9944,2,male,43.0,2,4,19.47,S,7,0,0
9953,2,male,23.8,4,2,45.38,S,7,0,0
9955,2,male,41.8,2,1,2.41,C,4,0,0
9964,2,female,7.6,0,4,0.76,S,5,0,0
9967,2,male,28.0,1,1,1.3,S,3,0,0
9969,2,male,29.1,5,3,26.52,S,9,0,0
9970,2,female,41.3,4,0,7.63,S,5,0,0
9981,2,male,25.1,0,1,1.92,S,2,0,0
9987,2,male,17.6,3,2,21.98,S,6,0,0
10023,2,male,23.9,0,2,28.11,S,3,0,0
10025,2,male,33.8,0,0,9.51,S,1,1,0
10047,2,male,33.4,1,3,3.55,S,5,0,0
10053,2,male,34.1,0,1,19.87,S,2,0,0
10061,2,female,24.4,1,1,16.91,S,3,0,0
10063,2,female,46.0,0,3,63.59,Q,4,0,0
10075,2,female,32.4,4,0,10.45,S,5,0,0
10077,2,female,33.7,3,0,48.98,C,4,0,0
10078,2,male,41.7,0,4,12.1,S,5,0,0
10092,2,male,47.4,3,3,82.44,S,7,0,0
10117,2,female,9.8,5,2,20.53,S,8,0,0
10120,2,female,25.3,2,4,24.23,S,7,0,0
10128,2,female,44.6,3,1,8.06,S,5,0,0
10138,2,male,14.0,2,0,24.91,S,3,0,0
10157,2,male,39.9,4,4,50.18,Q,9,0,0
10160,2,male,37.2,3,1,12.56,S,5,0,0
10162,2,male,30.5,3,2,48.66,C,6,0,0
10170,2,male,42.8,5,4,16.32,C,10,0,0
10171,2,female,36.5,3,2,60.44,S,6,0,0
10173,2,male,8.6,5,2,21.13,S,8,0,0
10188,2,male,21.5,3,4,26.18,Q,8,0,0
10207,2,female,0.0,3,3,14.11,C,7,0,0
10212,2,female,29.0,5,0,12.53,C,6,0,0
10218,2,male,30.2,0,1,20.62,Q,2,0,0
10231,2,male,25.7,0,1,3.91,C,2,0,0
10233,2,female,46.8,1,2,28.76,S,4,0,0
10239,2,female,44.5,1,4,13.11,S,6,0,0
10243,2,female,35.8,4,4,49.94,C,9,0,0
10246,2,male,44.1,1,2,3.1,S,4,0,0
10252,2,male,52.5,5,4,57.97,S,10,0,0
10270,2,male,50.7,4,0,65.03,S,5,0,0
10271,2,male,21.0,2,2,32.58,S,5,0,0
10278,2,female,38.0,2,4,58.91,Q,7,0,0
10281,2,male,62.6,0,3,6.4,S,4,0,0
10288,2,male,40.1,1,2,47.14,C,4,0,0
10289,2,female,32.3,0,3,20.72,Q,4,0,0
10298,2,male,19.7,3,4,14.18,C,8,0,0
10317,2,male,27.2,0,0,29.46,S,1,1,0
10340,2,female,30.8,3,3,19.14,C,7,0,0
10342,2,female,46.4,2,4,115.53,S,7,0,0
10345,2,male,57.8,1,3,4.9,S,5,0,0
10349,2,male,55.0,2,1,1.05,C,4,0,0
10358,2,female,26.1,2,3,54.13,S,6,0,0
10367,2,female,58.0,1,4,39.14,S,6,0,0
10372,2,male,9.0,1,4,0.82,S,6,0,0
10382,2,male,35.2,3,1,24.36,S,5,0,0
10385,2,female,24.9,5,2,0.53,Q,8,0,0
10391,2,male,15.9,2,0,15.8,S,3,0,0
10394,2,female,24.0,5,0,9.66,S,6,0,0
10405,2,female,33.4,4,1,20.8,C,6,0,0
10408,2,female,39.2,2,3,53.74,S,6,0,0
10413,2,female,24.0,1,1,12.29,S,3,0,0
10428,2,male,36.4,0,1,24.6,S,2,0,0
10430,2,male,20.7,1,2,17.32,S,4,0,0
10433,2,male,0.0,3,4,15.39,Q,8,0,0
10435,2,female,24.6,4,0,27.18,S,5,0,0
10437,2,male,31.1,4,4,147.2,S,9,0,0
10438,2,female,18.4,0,1,121.16,S,2,0,0
10473,2,male,39.2,2,1,4.62,S,4,0,0
10478,2,male,55.3,3,1,7.11,S,5,0,0
10493,2,male,10.9,3,2,20.7,S,6,0,0
10497,2,female,58.8,3,1,31.61,S,5,0,0
10501,2,male,41.8,3,3,82.67,S,7,0,0
10503,2,male,33.4,2,4,19.63,S,7,0,0
10505,2,female,30.7,1,3,4.12,S,5,0,0
10510,2,female,41.3,1,1,36.18,C,3,0,0
10511,2,male,34.2,1,1,111.75,S,3,0,0
10523,2,male,13.0,2,1,36.82,C,4,0,0
10550,2,male,3.8,0,3,99.27,S,4,0,0
10556,2,male,35.4,1,4,13.52,S,6,0,0
10562,2,male,35.7,3,3,7.57,C,7,0,0
10563,2,female,37.6,0,1,30.92,S,2,0,0
10564,2,male,31.3,0,4,27.44,S,5,0,0
10567,2,male,17.5,3,2,41.84,S,6,0,0
10573,2,male,24.3,2,3,49.7,S,6,0,0
10589,2,female,47.6,0,0,5.0,C,1,1,0
10598,2,male,26.0,2,0,11.61,C,3,0,0
10610,2,male,33.7,5,4,1.22,Q,10,0,0
10614,2,male,39.4,3,0,29.22,S,4,0,0
10632,2,male,2.9,1,2,6.43,S,4,0,0
10633,2,male,25.3,0,2,32.82,S,3,0,0
10642,2,male,13.3,2,3,24.6,S,6,0,0
10660,2,male,26.9,5,2,99.4,S,8,0,0
10663,2,male,21.2,2,1,121.59,S,4,0,0
10680,2,female,36.1,3,4,13.87,S,8,0,0
10684,2,male,58.4,1,3,117.37,S,5,0,0
10685,2,male,45.5,1,2,48.32,S,4,0,0
10687,2,female,15.6,5,2,143.26,Q,8,0,0
10689,2,female,24.6,1,3,3.51,Q,5,0,0
10704,2,male,6.3,5,4,56.82,S,10,0,0
10709,2,female,30.1,5,0,55.06,S,6,0,0
10710,2,male,32.0,1,2,54.0,S,4,0,0
10717,2,male,15.2,4,4,14.44,C,9,0,0
10718,2,male,11.8,5,1,26.07,S,7,0,0
10726,2,female,36.2,4,2,9.6,S,7,0,0
10734,2,male,31.1,3,2,1.77,S,6,0,0
10735,2,female,43.3,2,2,7.68,S,5,0,0
10743,2,male,12.8,0,1,9.86,Q,2,0,0
10758,2,female,24.7,5,0,27.66,C,6,0,0
10763,2,female,25.7,0,1,1.44,S,2,0,0
10768,2,female,32.4,0,4,16.23,Q,5,0,0
10769,2,male,48.7,4,4,23.0,S,9,0,0
10779,2,male,18.6,0,3,28.8,S,4,0,0
10781,2,female,41.5,3,0,35.64,S,4,0,0
10787,2,male,30.7,2,1,61.38,Q,4,0,0
10794,2,female,28.3,5,4,13.69,S,10,0,0
10795,2,male,23.1,3,3,50.51,S,7,0,0
10797,2,female,53.4,3,0,37.93,S,4,0,0
10805,2,female,18.8,2,0,31.05,S,3,0,0
10812,2,male,43.9,3,4,36.04,S,8,0,0
10815,2,male,32.0,0,1,66.1,S,2,0,0
10820,2,male,15.1,2,0,13.33,S,3,0,0
10829,2,male,41.3,0,2,4.09,S,3,0,0
10834,2,male,25.1,4,4,1.88,Q,9,0,0
10839,2,male,18.9,1,4,4.67,S,6,0,0
10849,2,female,24.2,4,1,41.5,S,6,0,0
10850,2,male,20.7,2,3,2.3,S,6,0,0
10854,2,male,36.7,4,0,24.76,S,5,0,0
10855,2,female,60.9,0,0,25.28,S,1,1,0
10857,2,male,54.0,2,2,29.82,S,5,0,0
10864,2,male,38.8,0,4,19.92,S,5,0,0
10877,2,female,36.5,0,3,36.54,S,4,0,0
10886,2,male,37.9,4,2,14.37,S,7,0,0
10887,2,female,36.8,0,1,52.46,S,2,0,0
10889,2,male,9.2,0,4,12.45,Q,5,0,0
10891,2,female,29.4,1,2,24.43,S,4,0,0
10896,2,female,27.7,0,4,31.5,S,5,0,0
10900,2,male,10.9,3,4,102.24,S,8,0,0
10901,2,male,12.7,0,2,120.66,C,3,0,0
10927,2,male,55.2,3,4,9.38,S,8,0,0
10931,2,male,18.6,2,4,25.92,S,7,0,0
10953,2,male,47.2,3,0,127.64,S,4,0,0
10956,2,male,23.5,1,3,9.02,Q,5,0,0
10962,2,female,32.5,1,1,122.88,Q,3,0,0
10963,2,male,21.6,0,3,8.21,S,4,0,0
10970,2,male,30.1,4,0,30.7,S,5,0,0
10972,2,male,39.8,5,2,2.37,C,8,0,0
10981,2,male,30.9,5,0,38.28,C,6,0,0
10986,2,male,30.8,5,0,108.85,S,6,0,0
10987,2,male,49.9,5,4,3.55,S,10,0,0
10991,2,female,28.5,3,3,61.3,S,7,0,0
10995,2,male,9.6,4,1,34.45,S,6,0,0
11003,2,female,26.2,4,3,23.22,C,8,0,0
11004,2,female,8.5,4,1,142.28,Q,6,0,0
11010,2,female,34.9,1,0,2.19,C,2,0,0
11026,2,male,50.6,3,2,58.43,S,6,0,0
11040,2,male,34.0,5,4,15.61,S,10,0,0
11044,2,female,55.9,1,1,1.22,C,3,0,0
11048,2,female,11.6,0,4,127.63,S,5,0,0
11051,2,male,46.1,3,1,4.78,S,5,0,0
11073,2,male,35.5,5,1,23.81,S,7,0,0
11075,2,male,11.0,2,1,3.82,C,4,0,0
11100,2,female,21.3,4,3,28.03,S,8,0,0
11103,2,male,13.8,3,1,34.93,S,5,0,0
11107,2,male,41.6,3,0,15.9,S,4,0,0
11112,2,male,0.0,3,0,12.11,C,4,0,0
11117,2,male,11.2,5,3,38.16,S,9,0,0
11119,2,female,30.1,3,3,2.33,S,7,0,0
11121,2,male,17.7,5,4,23.51,C,10,0,0
11131,2,male,30.6,1,1,49.66,S,3,0,0
11144,2,male,32.2,5,0,0.7,C,6,0,0
11146,2,male,32.4,4,3,24.42,S,8,0,0
11151,2,female,23.5,1,3,2.97,S,5,0,0
11161,2,male,51.3,5,2,7.9,S,8,0,0
11164,2,male,25.1,2,3,45.33,C,6,0,0
11165,2,male,33.1,5,1,6.28,Q,7,0,0
11167,2,male,4.8,3,0,4.61,S,4,0,0
11168,2,male,32.3,3,0,26.44,Q,4,0,0
11169,2,male,44.2,1,3,21.51,S,5,0,0
11215,2,male,25.1,5,1,2.86,S,7,0,0
11216,2,male,28.6,5,2,67.43,S,8,0,0
11221,2,male,29.2,4,0,56.26,C,5,0,0
11224,2,male,36.8,4,4,116.76,S,9,0,0
11240,2,female,29.3,0,2,17.58,C,3,0,0
11259,2,male,8.3,1,2,12.63,S,4,0,0
11262,2,male,22.1,0,3,41.34,Q,4,0,0
11272,2,male,39.1,3,1,19.66,S,5,0,0
11275,2,female,5.5,5,3,109.05,C,9,0,0
11281,2,male,49.9,2,3,6.91,S,6,0,0
11283,2,male,15.0,5,1,56.3,S,7,0,0
11288,2,female,37.8,4,2,199.03,S,7,0,0
11291,2,female,4.8,2,4,52.72,S,7,0,0
11300,2,male,44.4,3,4,13.18,S,8,0,0
11303,2,female,36.9,2,0,78.03,S,3,0,0
11317,2,female,34.5,3,2,104.43,S,6,0,0
11322,2,female,46.9,3,3,18.0,S,7,0,0
11323,2,male,21.8,5,1,23.61,C,7,0,0
11325,2,female,5.1,2,3,61.15,S,6,0,0
11326,2,male,26.5,5,3,11.31,S,9,0,0
11331,2,male,16.4,2,3,28.18,S,6,0,0
11340,2,female,23.9,2,3,90.53,Q,6,0,0
11344,2,male,41.7,2,1,61.06,S,4,0,0
11352,2,male,2.7,3,1,95.79,S,5,0,0
11359,2,female,13.7,5,2,8.53,S,8,0,0
11363,2,male,34.8,0,3,18.57,Q,4,0,0
11364,2,male,0.6,4,3,19.23,S,8,0,0
11368,2,male,0.0,0,3,23.37,S,4,0,0
11371,2,female,10.2,3,1,80.08,S,5,0,0
11375,2,male,10.6,0,1,33.32,Q,2,0,0
11385,2,female,34.5,3,1,8.2,S,5,0,0
11386,2,male,47.6,0,4,75.28,S,5,0,0
11401,2,female,34.7,2,4,29.96,S,7,0,0
11403,2,female,5.3,1,4,6.86,S,6,0,0
11414,2,male,36.1,0,4,15.62,S,5,0,0
11421,2,male,12.6,1,3,141.35,C,5,0,0
11426,2,female,38.9,2,1,46.8,S,4,0,0
11430,2,male,38.8,4,4,9.04,S,9,0,0
11442,2,male,51.0,5,3,49.09,S,9,0,0
11450,2,male,52.6,4,0,28.94,S,5,0,0
11457,2,male,40.0,1,4,17.08,Q,6,0,0
11463,2,male,39.7,4,1,22.78,S,6,0,0
11468,2,male,34.2,2,1,48.95,Q,4,0,0
11483,2,female,40.8,2,2,16.14,S,5,0,0
11485,2,female,43.1,1,2,8.9,S,4,0,0
11487,2,male,26.0,2,4,106.14,Q,7,0,0
11491,2,male,33.7,1,4,5.49,S,6,0,0
11496,2,male,31.0,4,0,2.45,S,5,0,0
11500,2,male,9.6,4,1,2.84,S,6,0,0
11508,2,male,22.3,5,1,5.53,S,7,0,0
11543,2,male,27.6,3,1,11.64,Q,5,0,0
11555,2,male,6.6,0,1,58.3,S,2,0,0
11561,2,female,12.4,3,2,8.21,S,6,0,0
11567,2,female,33.8,4,0,26.03,Q,5,0,0
11573,2,male,27.4,2,4,57.77,S,7,0,0
11597,2,female,50.1,5,4,12.0,S,10,0,0
11608,2,male,19.3,1,0,35.7,Q,2,0,0
11624,2,male,13.2,1,1,25.15,C,3,0,0
11638,2,female,40.7,0,4,7.16,S,5,0,0
11645,2,male,19.9,5,3,32.11,S,9,0,0
11648,2,female,24.5,0,1,10.03,C,2,0,0
11679,2,male,57.6,0,0,27.55,S,1,1,0
11682,2,male,42.0,0,4,98.59,S,5,0,0
11699,2,male,30.2,5,4,17.56,C,10,0,0
11700,2,male,21.2,5,0,0.73,S,6,0,0
11708,2,male,22.7,2,1,75.23,C,4,0,0
11718,2,male,11.0,5,3,23.18,S,9,0,0
11723,2,male,26.0,4,4,38.38,Q,9,0,0
11748,2,male,18.3,3,1,11.95,Q,5,0,0
11750,2,male,33.7,5,4,7.24,S,10,0,0
11753,2,male,23.8,3,0,4.31,S,4,0,0
11755,2,male,43.8,3,0,14.48,S,4,0,0
11759,2,female,36.2,1,2,60.5,Q,4,0,0
11761,2,male,18.3,1,1,21.79,S,3,0,0
11764,2,male,17.4,5,0,51.14,S,6,0,0
11767,2,male,46.4,5,3,71.49,S,9,0,0
11770,2,female,30.8,4,3,21.85,C,8,0,0
11835,2,female,1.7,5,1,2.67,C,7,0,0
11848,2,female,33.6,0,0,45.08,Q,1,1,0
11855,2,male,15.0,5,2,12.96,S,8,0,0
11889,2,female,33.6,2,4,17.2,S,7,0,0
11892,2,male,32.8,0,1,45.59,S,2,0,0
11903,2,male,8.2,5,1,66.56,S,7,0,0
11907,2,male,29.9,1,0,8.74,S,2,0,0
11922,2,female,0.0,0,3,14.6,Q,4,0,0
11926,2,male,27.8,3,2,11.79,S,6,0,0
11928,2,male,21.1,3,3,13.35,S,7,0,0
11941,2,male,34.2,1,4,6.86,S,6,0,0
11963,2,female,50.9,1,4,21.89,S,6,0,0
11964,2,female,29.4,3,1,27.23,S,5,0,0
11978,2,male,42.2,1,3,16.48,S,5,0,0
11981,2,female,47.9,3,4,6.05,S,8,0,0
11995,2,female,28.7,4,3,18.62,S,8,0,0
12011,2,female,43.4,4,4,7.0,S,9,0,0
12020,2,male,41.5,3,0,20.52,C,4,0,0
12036,2,male,32.7,2,3,54.03,S,6,0,0
12038,2,male,50.2,1,4,10.81,S,6,0,0
12057,2,male,27.4,5,2,21.74,S,8,0,0
12059,2,male,23.3,3,0,33.67,S,4,0,0
12062,2,male,10.8,4,1,10.27,S,6,0,0
12065,2,female,20.4,1,0,72.94,S,2,0,0
12071,2,male,19.5,5,4,2.83,S,10,0,0
12078,2,female,54.8,4,1,78.12,S,6,0,0
12082,2,female,44.6,1,3,9.21,S,5,0,0
12085,2,male,31.0,3,3,1.67,S,7,0,0
12088,2,male,8.0,3,3,0.39,S,7,0,0
12096,2,female,32.6,2,1,8.95,S,4,0,0
12101,2,female,25.2,0,4,10.43,S,5,0,0
12115,2,male,4.9,1,3,29.26,C,5,0,0
12120,2,female,34.8,4,2,21.11,Q,7,0,0
12122,2,male,22.1,0,4,14.94,S,5,0,0
12133,2,male,22.8,0,2,8.48,C,3,0,0
12154,2,female,35.6,1,0,34.99,C,2,0,0
12160,2,female,58.5,0,2,6.08,C,3,0,0
12162,2,female,39.2,0,4,4.13,S,5,0,0
12163,2,male,13.7,5,0,33.92,Q,6,0,0
12168,2,female,52.8,4,2,8.34,S,7,0,0
12177,2,female,24.6,2,2,18.66,S,5,0,0
12190,2,female,39.7,5,2,6.73,S,8,0,0
12191,2,female,33.4,2,3,119.56,C,6,0,0
12195,2,female,30.6,3,3,20.84,C,7,0,0
12198,2,female,0.0,4,1,11.56,S,6,0,0
12200,2,female,49.7,1,0,132.75,S,2,0,0
12226,2,male,19.4,2,2,18.58,S,5,0,0
12234,2,male,29.4,2,3,9.83,S,6,0,0
12248,2,female,35.0,5,1,18.5,S,7,0,0
12268,2,female,29.2,3,2,9.01,C,6,0,0
12274,2,female,48.3,2,4,30.9,S,7,0,0
12277,2,male,34.6,1,2,0.06,S,4,0,0
12294,2,male,13.5,4,2,28.75,C,7,0,0
12318,2,male,40.7,2,0,41.48,S,3,0,0
12323,2,male,45.9,4,2,28.19,C,7,0,0
12346,2,male,18.9,5,2,25.78,S,8,0,0
12348,2,male,1.0,5,0,7.68,S,6,0,0
12370,2,male,58.9,1,4,5.04,S,6,0,0
12373,2,male,26.1,3,3,39.3,Q,7,0,0
12389,2,male,29.1,4,1,73.8,C,6,0,0
12395,2,female,10.1,1,3,4.84,S,5,0,0
12398,2,male,26.2,3,0,5.5,C,4,0,0
12399,2,male,58.2,2,4,49.71,S,7,0,0
12407,2,female,42.9,5,4,8.2,S,10,0,0
12422,2,male,16.6,4,0,3.91,Q,5,0,0
12445,2,female,52.6,2,3,19.47,C,6,0,0
12458,2,female,41.5,3,3,24.36,C,7,0,0
12460,2,male,23.8,0,3,36.68,S,4,0,0
12469,2,male,34.7,1,1,20.05,S,3,0,0
12476,2,male,53.1,3,4,65.25,C,8,0,0
12482,2,female,34.6,3,4,56.48,S,8,0,0
12493,2,male,7.9,5,2,47.55,S,8,0,0
12497,2,male,21.5,3,4,125.07,S,8,0,0
12510,2,male,49.3,0,4,13.3,S,5,0,0
12512,2,male,39.7,1,4,37.56,S,6,0,0
12515,2,female,23.3,4,4,75.6,S,9,0,0
12516,2,female,45.9,1,0,20.5,C,2,0,0
12519,2,male,21.9,5,4,3.75,C,10,0,0
12520,2,female,40.1,2,2,31.65,S,5,0,0
12528,2,male,27.3,3,4,19.31,S,8,0,0
12529,2,male,35.1,5,1,65.64,S,7,0,0
12533,2,male,34.2,4,2,11.78,S,7,0,0
12538,2,male,35.4,0,0,59.54,S,1,1,0
12545,2,female,39.7,5,4,25.88,S,10,0,0
12546,2,female,32.3,1,0,1.1,Q,2,0,0
12564,2,male,17.7,4,2,2.0,S,7,0,0
12568,2,male,54.3,1,4,9.21,C,6,0,0
12577,2,female,54.1,3,1,80.13,S,5,0,0
12584,2,female,14.5,2,1,41.59,S,4,0,0
12592,2,female,41.0,3,4,54.62,S,8,0,0
12599,2,male,33.6,1,4,58.72,S,6,0,0
12617,2,male,18.1,1,3,10.28,S,5,0,0
12623,2,male,22.6,4,1,16.7,S,6,0,0
12625,2,female,16.9,1,4,26.91,S,6,0,0
12626,2,male,15.5,5,3,54.22,S,9,0,0
12633,2,female,2.4,2,3,32.99,C,6,0,0
12640,2,male,10.7,0,0,28.5,C,1,1,0
12645,2,female,47.5,1,2,4.14,C,4,0,0
12646,2,male,15.9,2,2,8.28,C,5,0,0
12652,2,male,13.8,0,4,25.35,C,5,0,0
12660,2,male,8.3,4,0,52.83,S,5,0,0
12679,2,male,33.1,1,3,17.32,S,5,0,0
12684,2,female,39.3,3,2,13.86,S,6,0,0
12687,2,male,15.1,3,1,13.05,S,5,0,0
12689,2,male,44.9,4,4,52.22,C,9,0,0
12700,2,male,59.7,0,4,37.57,S,5,0,0
12713,2,male,31.2,4,4,22.52,C,9,0,0
12729,2,male,30.4,2,0,31.47,S,3,0,0
12731,2,male,36.8,5,1,31.5,S,7,0,0
12736,2,male,53.5,3,0,4.48,S,4,0,0
12756,2,female,54.2,1,0,41.15,C,2,0,0
12762,2,male,26.3,3,3,6.17,S,7,0,0
12772,2,male,43.0,4,0,47.5,C,5,0,0
12775,2,male,34.2,0,4,1.87,S,5,0,0
12806,2,female,34.3,1,0,9.87,S,2,0,0
12808,2,female,49.6,3,4,3.74,S,8,0,0
12814,2,female,9.8,0,3,10.76,S,4,0,0
12827,2,male,29.8,0,2,92.99,S,3,0,0
12831,2,male,63.2,0,0,2.44,S,1,1,0
12837,2,male,0.0,0,1,124.24,S,2,0,0
12842,2,female,25.4,4,1,13.38,Q,6,0,0
12864,2,female,26.8,5,2,11.11,Q,8,0,0
12866,2,female,49.9,2,4,65.9,S,7,0,0
12867,2,male,9.8,2,0,23.04,C,3,0,0
12872,2,male,21.3,5,2,37.35,S,8,0,0
12875,2,male,26.6,2,3,66.68,C,6,0,0
12884,2,male,23.0,1,3,85.55,S,5,0,0
12885,2,female,59.7,1,4,27.21,S,6,0,0
12887,2,male,33.1,3,4,19.74,S,8,0,0
12894,2,female,37.2,2,4,45.44,S,7,0,0
12896,2,male,39.4,2,3,37.58,S,6,0,0
12926,2,female,14.7,2,4,6.38,S,7,0,0
12927,2,male,46.4,3,1,0.34,S,5,0,0
12939,2,male,3.0,0,4,2.68,S,5,0,0
12947,2,female,28.9,3,4,29.37,S,8,0,0
12950,2,male,29.6,0,1,24.8,S,2,0,0
12958,2,male,69.2,2,3,94.1,S,6,0,0
12961,2,female,33.1,0,3,16.64,S,4,0,0
12977,2,male,15.7,1,1,18.59,S,3,0,0
12978,2,male,2.2,2,1,4.42,C,4,0,0
12981,2,male,35.7,4,3,8.33,C,8,0,0
12993,2,male,40.9,2,2,107.19,S,5,0,0
13001,2,male,39.1,3,0,85.72,S,4,0,0
13004,2,male,11.2,2,2,143.22,Q,5,0,0
13008,2,female,21.9,1,2,28.13,Q,4,0,0
13010,2,male,8.9,5,1,39.61,C,7,0,0
13020,2,male,17.7,0,4,12.2,S,5,0,0
13026,2,male,34.4,1,4,0.46,S,6,0,0
13027,2,male,37.3,1,1,2.13,S,3,0,0
13028,2,female,23.8,2,4,15.25,S,7,0,0
13046,2,male,43.1,4,2,7.67,C,7,0,0
13055,2,female,22.5,5,1,20.08,C,7,0,0
13070,2,male,38.0,3,3,11.51,S,7,0,0
13082,2,male,23.8,2,4,25.93,S,7,0,0
13096,2,male,10.9,4,2,12.58,S,7,0,0
13099,2,female,26.4,4,0,36.74,S,5,0,0
13102,2,male,35.9,4,2,43.88,C,7,0,0
13106,2,male,25.9,0,4,113.59,C,5,0,0
13111,2,female,47.7,5,3,44.58,C,9,0,0
13115,2,male,26.9,4,4,57.29,S,9,0,0
13116,2,female,39.9,1,1,18.88,C,3,0,0
13123,2,male,39.2,3,3,3.09,S,7,0,0
13125,2,male,28.0,1,3,15.04,Q,5,0,0
13131,2,male,32.4,5,1,31.18,S,7,0,0
13141,2,male,7.7,0,4,14.93,S,5,0,0
13142,2,male,11.1,2,3,27.43,S,6,0,0
13150,2,female,23.7,3,3,73.57,S,7,0,0
13151,2,male,44.9,0,2,38.23,S,3,0,0
13152,2,female,10.9,1,1,34.65,C,3,0,0
13162,2,male,38.0,4,0,49.43,S,5,0,0
13163,2,male,18.4,1,0,30.29,S,2,0,0
13170,2,female,33.1,2,1,68.83,S,4,0,0
13180,2,male,50.6,3,3,1.69,S,7,0,0
13200,2,female,31.3,1,4,15.16,S,6,0,0
13204,2,male,26.8,2,0,14.01,C,3,0,0
13219,2,female,32.8,0,3,13.29,S,4,0,0
13224,2,male,58.6,5,4,4.8,S,10,0,0
13229,2,male,34.6,2,1,105.58,S,4,0,0
13233,2,female,29.2,2,0,17.57,S,3,0,0
13242,2,female,20.8,3,2,29.78,S,6,0,0
13255,2,female,31.7,0,3,11.53,S,4,0,0
13257,2,female,43.2,0,3,74.32,Q,4,0,0
13270,2,male,23.6,2,1,11.54,S,4,0,0
13271,2,male,36.0,1,2,14.22,C,4,0,0
13289,2,male,38.9,5,2,5.77,S,8,0,0
13291,2,female,34.8,4,0,25.01,C,5,0,0
13295,2,male,61.6,2,2,10.6,S,5,0,0
13299,2,male,9.9,0,0,2.2,S,1,1,0
13302,2,female,27.5,0,1,5.43,S,2,0,0
13306,2,male,42.1,1,2,6.81,Q,4,0,0
13315,2,female,17.2,3,4,5.68,S,8,0,0
13322,2,female,29.1,1,3,1.87,S,5,0,0
13328,2,female,32.9,4,3,9.09,Q,8,0,0
13338,2,male,30.3,1,1,50.87,S,3,0,0
13339,2,female,55.2,2,4,33.09,S,7,0,0
13342,2,male,65.6,1,2,11.3,S,4,0,0
13345,2,male,28.2,3,4,68.53,C,8,0,0
13346,2,male,52.4,2,2,1.7,S,5,0,0
13349,2,male,34.8,2,3,44.13,S,6,0,0
13356,2,male,37.3,5,1,56.72,C,7,0,0
13371,2,male,49.0,1,2,175.23,S,4,0,0
13373,2,male,26.0,4,4,10.94,S,9,0,0
13374,2,male,28.3,3,3,134.79,S,7,0,0
13375,2,male,43.2,4,0,30.74,S,5,0,0
13381,2,female,34.1,5,0,56.57,S,6,0,0
13390,2,female,29.2,0,1,12.16,S,2,0,0
13402,2,female,20.5,0,0,1.8,S,1,1,0
13403,2,female,19.1,3,4,68.83,S,8,0,0
13404,2,male,32.1,4,1,4.47,C,6,0,0
13405,2,female,26.4,1,1,19.03,S,3,0,0
13416,2,male,25.5,5,2,25.09,S,8,0,0
13421,2,female,24.2,3,4,17.73,S,8,0,0
13426,2,female,43.8,4,0,11.94,S,5,0,0
13428,2,female,39.0,2,4,10.73,S,7,0,0
13432,2,male,4.9,0,0,36.42,S,1,1,0
13459,2,male,8.9,4,4,101.87,S,9,0,0
13461,2,male,44.5,2,2,26.32,S,5,0,0
13466,2,female,49.8,4,1,25.56,S,6,0,0
13483,2,male,3.2,4,3,2.63,S,8,0,0
13491,2,male,67.8,5,4,30.14,C,10,0,0
13515,2,male,3.0,1,2,24.81,S,4,0,0
13518,2,male,39.9,0,3,14.94,S,4,0,0
13529,2,male,24.4,4,4,6.27,S,9,0,0
13531,2,male,18.5,5,2,51.4,C,8,0,0
13540,2,male,15.5,5,0,13.77,Q,6,0,0
13555,2,female,14.9,3,1,17.49,S,5,0,0
13567,2,male,27.8,3,1,23.71,S,5,0,0
13570,2,female,17.8,0,3,31.22,C,4,0,0
13576,2,female,13.4,3,2,6.43,S,6,0,0
13589,2,male,23.7,1,2,78.16,C,4,0,0
13603,2,male,26.7,2,1,12.4,S,4,0,0
13606,2,male,57.0,4,0,23.42,S,5,0,0
13612,2,female,32.9,3,3,0.03,S,7,0,0
13618,2,male,22.5,1,1,6.01,S,3,0,0
13623,2,male,20.7,5,2,39.25,S,8,0,0
13631,2,female,33.4,0,2,9.52,S,3,0,0
13632,2,male,37.6,4,4,17.22,S,9,0,0
13637,2,male,42.0,3,1,30.66,S,5,0,0
13643,2,male,41.8,1,2,16.91,S,4,0,0
13645,2,male,43.9,1,2,42.93,S,4,0,0
13666,2,male,33.2,0,1,4.69,C,2,0,0
13673,2,female,29.2,2,0,84.65,S,3,0,0
13688,2,male,28.8,0,3,50.64,C,4,0,0
13690,2,female,34.1,2,3,0.97,S,6,0,0
13693,2,male,21.3,3,3,16.37,S,7,0,0
13713,2,male,51.6,3,0,7.93,S,4,0,0
13722,2,male,46.9,1,2,127.54,C,4,0,0
13728,2,female,23.5,1,4,20.12,S,6,0,0
13735,2,male,30.4,4,2,14.98,S,7,0,0
13740,2,male,0.0,5,3,79.0,S,9,0,0
13751,2,female,26.4,4,3,2.03,S,8,0,0
13753,2,male,1.7,0,1,27.87,S,2,0,0
13756,2,female,26.3,5,4,8.11,S,10,0,0
13766,2,male,30.6,5,2,90.67,S,8,0,0
13767,2,male,27.3,3,4,18.05,C,8,0,0
13784,2,female,30.7,3,4,7.25,C,8,0,0
13790,2,male,40.7,4,3,11.98,C,8,0,0
13801,2,male,23.3,2,4,20.08,Q,7,0,0
13805,2,male,22.6,5,3,26.81,S,9,0,0
13816,2,male,17.2,5,2,30.67,C,8,0,0
13820,2,male,48.4,2,3,52.63,C,6,0,0
13824,2,female,46.3,1,2,30.13,C,4,0,0
13831,2,male,12.4,4,3,20.14,S,8,0,0
13840,2,female,34.1,1,2,14.41,S,4,0,0
13847,2,male,5.5,4,4,12.15,S,9,0,0
13851,2,male,25.0,5,4,12.1,S,10,0,0
13853,2,male,3.6,1,4,95.02,C,6,0,0
13854,2,male,30.8,1,2,32.98,S,4,0,0
13858,2,male,34.5,1,0,16.72,C,2,0,0
13859,2,male,30.6,1,0,0.39,S,2,0,0
13860,2,male,41.3,4,0,51.69,C,5,0,0
13862,2,male,19.5,2,2,5.21,S,5,0,0
13880,2,male,58.8,4,4,15.21,S,9,0,0
13887,2,female,0.0,1,4,16.92,Q,6,0,0
13896,2,male,14.2,3,0,21.63,Q,4,0,0
13902,2,male,40.5,2,3,77.24,Q,6,0,0
13912,2,male,19.9,5,3,49.03,S,9,0,0
13914,2,male,21.9,1,0,85.99,S,2,0,0
13920,2,male,41.5,0,4,22.15,S,5,0,0
13927,2,male,38.3,1,3,34.33,S,5,0,0
13941,2,male,43.9,2,0,5.91,C,3,0,0
13947,2,male,43.4,1,2,15.69,S,4,0,0
13957,2,male,12.4,3,4,3.04,C,8,0,0
13987,2,male,14.2,0,2,7.37,S,3,0,0
14008,2,male,31.5,3,3,31.68,S,7,0,0
14021,2,female,54.1,3,3,1.12,S,7,0,0
14022,2,male,26.0,0,1,80.72,S,2,0,0
14025,2,female,27.3,1,4,7.3,Q,6,0,0
14028,2,female,45.5,0,3,3.56,S,4,0,0
14029,2,female,9.3,3,2,5.1,C,6,0,0
14038,2,female,34.0,1,2,2.8,C,4,0,0
14046,2,male,33.6,0,4,32.89,Q,5,0,0
14051,2,male,26.3,1,4,68.31,Q,6,0,0
14058,2,male,28.9,3,3,14.18,S,7,0,0
14062,2,female,70.8,5,1,14.75,S,7,0,0
14077,2,male,37.8,4,3,21.14,Q,8,0,0
14080,2,female,26.0,5,2,39.21,Q,8,0,0
14083,2,female,7.5,4,2,27.43,S,7,0,0
14085,2,male,46.6,2,4,1.95,C,7,0,0
14088,2,male,16.9,0,0,15.66,Q,1,1,0
14092,2,female,69.1,5,0,12.58,S,6,0,0
14114,2,male,44.9,1,1,37.01,S,3,0,0
14117,2,male,50.6,5,0,47.25,S,6,0,0
14152,2,male,47.7,2,4,8.73,S,7,0,0
14164,2,male,41.7,0,2,40.92,C,3,0,0
14165,2,male,21.5,0,4,0.13,S,5,0,0
14168,2,female,29.9,4,0,69.96,S,5,0,0
14191,2,male,12.8,0,4,43.24,S,5,0,0
14194,2,female,51.5,2,0,9.52,S,3,0,0
14206,2,male,23.7,2,1,10.43,Q,4,0,0
14210,2,female,13.3,5,3,18.66,S,9,0,0
14214,2,male,41.1,0,4,12.26,S,5,0,0
14216,2,male,29.4,0,2,6.97,S,3,0,0
14219,2,male,41.4,1,3,4.68,S,5,0,0
14224,2,male,30.8,4,1,34.87,Q,6,0,0
14225,2,female,50.9,4,3,19.96,S,8,0,0
14237,2,male,25.9,3,3,43.68,S,7,0,0
14250,2,male,0.0,5,3,10.62,C,9,0,0
14267,2,male,21.9,3,1,67.59,Q,5,0,0
14271,2,female,19.2,2,0,41.52,Q,3,0,0
14276,2,male,29.3,4,1,104.21,S,6,0,0
14300,2,male,25.3,2,3,32.35,Q,6,0,0
14302,2,male,16.6,1,4,2.67,S,6,0,0
14304,2,male,42.4,5,4,0.34,S,10,0,0
14313,2,male,31.5,2,3,3.87,S,6,0,0
14316,2,male,10.0,3,0,24.81,S,4,0,0
14326,2,male,21.7,1,3,12.61,S,5,0,0
14331,2,male,31.1,1,3,5.03,S,5,0,0
14332,2,female,42.3,1,1,34.26,Q,3,0,0
14333,2,male,37.1,4,2,7.0,C,7,0,0
14340,2,male,33.2,4,3,4.99,S,8,0,0
14392,2,male,50.9,2,0,0.32,S,3,0,0
14406,2,male,40.0,1,1,116.42,S,3,0,0
14419,2,female,28.8,5,2,3.74,C,8,0,0
14427,2,male,31.4,4,3,4.21,S,8,0,0
14439,2,female,10.4,5,0,73.75,S,6,0,0
14440,2,male,21.7,4,2,16.54,C,7,0,0
14441,2,male,55.4,3,2,26.24,S,6,0,0
14442,2,male,31.5,5,3,36.24,C,9,0,0
14445,2,male,23.5,0,3,21.49,S,4,0,0
14452,2,male,39.7,3,0,40.06,S,4,0,0
14465,2,female,39.9,0,0,93.62,C,1,1,0
14478,2,male,13.4,4,2,16.31,Q,7,0,0
14480,2,male,46.1,4,1,97.63,S,6,0,0
14489,2,male,49.2,2,2,51.51,S,5,0,0
14493,2,male,39.3,2,0,0.62,C,3,0,0
14495,2,female,27.5,2,4,8.46,S,7,0,0
14497,2,male,40.2,1,2,4.74,S,4,0,0
14505,2,female,30.5,4,3,0.12,C,8,0,0
14517,2,female,2.8,0,1,61.67,S,2,0,0
14532,2,male,45.1,0,3,31.31,S,4,0,0
14537,2,female,23.7,5,1,24.51,S,7,0,0
14540,2,male,26.8,3,1,13.47,S,5,0,0
14541,2,male,48.8,3,1,23.97,Q,5,0,0
14543,2,male,29.0,4,2,5.19,S,7,0,0
14544,2,male,57.1,2,1,0.83,C,4,0,0
14545,2,female,32.7,3,3,6.08,S,7,0,0
14561,2,male,53.4,5,1,41.04,S,7,0,0
14570,2,female,29.8,2,0,19.27,S,3,0,0
14581,2,female,38.6,0,1,9.02,S,2,0,0
14587,2,male,25.7,0,3,9.24,S,4,0,0
14588,2,male,41.7,3,0,2.19,C,4,0,0
14600,2,female,37.2,3,3,58.89,S,7,0,0
14602,2,male,48.9,0,1,52.13,S,2,0,0
14614,2,male,29.6,0,2,13.19,S,3,0,0
14616,2,female,41.6,1,3,0.17,C,5,0,0
14625,2,male,18.7,5,4,48.5,S,10,0,0
14626,2,male,24.2,4,4,4.01,S,9,0,0
14636,2,female,42.3,3,3,3.1,C,7,0,0
14645,2,male,29.5,1,4,55.55,S,6,0,0
14647,2,male,44.8,2,4,8.53,C,7,0,0
14650,2,female,28.9,4,2,5.72,S,7,0,0
14652,2,female,47.6,2,2,36.11,S,5,0,0
14658,2,male,16.9,0,3,2.27,S,4,0,0
14664,2,female,19.2,0,3,130.94,S,4,0,0
14665,2,male,27.6,4,4,2.25,C,9,0,0
14669,2,female,27.8,3,3,12.32,S,7,0,0
14672,2,male,37.6,4,4,0.34,C,9,0,0
14674,2,female,64.1,0,2,66.73,C,3,0,0
14675,2,female,10.8,2,2,24.46,S,5,0,0
14681,2,male,20.3,0,4,16.07,S,5,0,0
14694,2,female,24.0,2,1,27.04,S,4,0,0
14697,2,female,22.5,2,1,21.19,S,4,0,0
14702,2,female,11.9,1,4,40.07,S,6,0,0
14731,2,male,36.1,5,2,5.37,S,8,0,0
14732,2,male,17.4,2,2,2.38,S,5,0,0
14746,2,male,37.3,4,4,16.74,S,9,0,0
14772,2,female,2.0,1,1,14.42,C,3,0,0
14776,2,male,50.1,5,0,28.68,S,6,0,0
14791,2,male,18.9,1,2,20.17,S,4,0,0
14803,2,male,55.7,2,0,39.67,Q,3,0,0
14804,2,female,49.9,2,1,11.95,S,4,0,0
14810,2,female,42.1,5,4,17.41,S,10,0,0
14814,2,male,24.3,4,4,38.5,S,9,0,0
14817,2,male,46.5,3,1,8.57,C,5,0,0
14818,2,male,18.3,4,2,12.34,S,7,0,0
14822,2,female,51.2,5,3,10.93,C,9,0,0
14823,2,female,2.3,2,2,27.24,S,5,0,0
14825,2,female,30.3,0,2,1.89,S,3,0,0
14830,2,male,76.6,2,0,26.27,S,3,0,0
14833,2,male,40.5,3,3,20.62,S,7,0,0
14835,2,male,13.6,2,0,11.7,S,3,0,0
14843,2,male,0.0,5,4,44.92,C,10,0,0
14849,2,male,35.4,2,4,34.23,S,7,0,0
14854,2,male,22.3,0,3,190.9,S,4,0,0
14856,2,male,8.1,4,1,2.39,C,6,0,0
14860,2,male,38.8,1,1,33.75,S,3,0,0
14868,2,male,21.6,4,4,92.8,S,9,0,0
14872,2,female,24.0,3,1,33.32,S,5,0,0
14882,2,female,40.5,4,0,42.62,S,5,0,0
14896,2,male,42.7,5,4,18.68,S,10,0,0
14897,2,female,20.8,3,1,103.02,S,5,0,0
14903,2,male,43.1,4,3,22.95,Q,8,0,0
14907,2,male,23.1,2,0,34.84,S,3,0,0
14908,2,male,29.9,0,3,5.38,S,4,0,0
14910,2,female,22.9,3,2,18.36,S,6,0,0
14915,2,male,47.6,1,1,40.93,S,3,0,0
14919,2,male,22.9,0,0,3.72,S,1,1,0
14928,2,male,23.4,1,2,42.63,S,4,0,0
14930,2,female,16.4,0,0,50.49,Q,1,1,0
14951,2,male,38.2,3,0,18.75,C,4,0,0
14966,2,male,38.3,4,4,5.94,S,9,0,0
14972,2,male,14.4,0,2,14.25,C,3,0,0
14974,2,male,30.9,3,0,5.61,Q,4,0,0
14975,2,male,0.0,4,4,26.31,S,9,0,0
14981,2,male,37.4,5,3,51.57,S,9,0,0
14999,2,female,19.1,0,0,1.95,S,1,1,0
